Date,strategy_return,cumulative_return
2020-01-03,0.0009022698328171097,1.0009022698328172
2020-01-06,0.002124053680905996,1.0030282399832826
2020-01-07,-0.0003296668146239135,1.0026975748584295
2020-01-08,-0.003636639235458811,0.9990511255164
2020-01-09,0.0006652069761734437,0.9997157012946474
2020-01-10,-0.0014430937616707329,0.9982730178026648
2020-01-13,-0.0004216935726668871,0.9978520524872906
2020-01-14,-0.0007694947752840519,0.9970842105463951
2020-01-15,0.003326385864856174,1.000400897370428
2020-01-16,0.007309512203045876,1.0077133399376952
2020-01-17,0.0017983329383753632,1.0095255440293454
2020-01-21,-0.002398713749549003,1.0071039812263611
2020-01-22,0.0006119015421139351,1.0077202297055428
2020-01-23,0.00148870623637673,1.0092204290960283
2020-01-24,-0.005941209003422571,1.003224439596245
2020-01-27,-0.01030681623135557,0.9928843896585219
2020-01-28,0.0003757470422774356,0.9932574630312595
2020-01-29,-0.001995833701916516,0.9912750863118617
2020-01-30,0.0024021127548563117,0.9936562408402627
2020-01-31,-0.012341017700616057,0.9813935115837255
2020-02-03,-0.0017138291149561894,0.9797115708103441
2020-02-04,-0.00034606261753861774,0.9793725292597165
2020-02-05,0.007772478968002916,0.9869846816452275
2020-02-06,0.003778496828910377,0.990714000135007
2020-02-07,-0.004816294360310058,0.9859424298834766
2020-02-10,0.006940698818544144,0.9927855593417213
2020-02-11,0.0013498251543441198,0.9941256462625905
2020-02-12,0.00556461182341883,0.9996575695877471
2020-02-13,0.001710322116165075,1.001367306037605
2020-02-14,0.0021170336504988674,1.003487234320996
2020-02-18,0.003907838894165173,1.0074087007650738
2020-02-19,0.0029591776599229513,1.0103898020867899
2020-02-20,0.001745663026360378,1.0121536022065043
2020-02-21,0.0005981011017319295,1.012758972391106
2020-02-24,-0.005092375187017039,1.0076016237296725
2020-02-25,-0.005057101293606159,1.0025060802548695
2020-02-26,2.1154951294411037e-05,1.0025272882221699
2020-02-27,0.0009234482989923356,1.0034530703411721
2020-02-28,-0.005525562568744935,0.9979084276162028
2020-03-02,-0.0026600822316011578,0.9952539091391358
2020-03-03,0.012420569598693997,1.0076155295859708
2020-03-04,-0.0012892371820931612,1.006316474179974
2020-03-05,0.010914008572644393,1.0172994208059676
2020-03-06,0.013434840196165653,1.0309666759561478
2020-03-09,0.004321444746567436,1.0354219414818444
2020-03-10,-0.01580251432190457,1.0190596714223632
2020-03-11,-0.011494897571764662,1.007345684879847
2020-03-12,-0.005825833626704213,1.0014770565151587
2020-03-13,-0.0008073717702140708,1.0006684922112112
2020-03-16,0.0031678285505434244,1.003838438430467
2020-03-17,-0.008859966164251252,0.9949444638315983
2020-03-18,-0.016832994531198454,0.9781965691130748
2020-03-19,0.011971105467793142,0.9899066634101609
2020-03-20,0.02591836393858735,1.0155634245776581
2020-03-23,0.02504532216900306,1.0409985377292617
2020-03-24,0.004398443480596593,1.0455773109608475
2020-03-25,-0.008549612326806223,1.0366380302944278
2020-03-26,0.017752932796370455,1.0550413955804065
2020-03-27,-0.00652195259031123,1.0481604656176153
2020-03-30,0.009874974175691232,1.0585110231475696
2020-03-31,-0.012613327810430196,1.0451596766216553
2020-04-01,-0.007540786292808034,1.037278350858391
2020-04-02,0.012507477683388203,1.050252086683214
2020-04-03,-0.0017674931901151205,1.048395773272097
2020-04-06,0.02524300007985547,1.0748604278605245
2020-04-07,-0.004691126489489262,1.0698181216348843
2020-04-08,0.007573141670214433,1.077920005831388
2020-04-09,0.008680073065390181,1.0872764302406503
2020-04-13,-0.0014338759441972048,1.0857174107226357
2020-04-14,0.00925791741091664,1.0957688928427
2020-04-15,-0.0006022109325056863,1.0951090088359305
2020-04-16,0.00443588680270246,1.0999667884357462
2020-04-17,0.0010231619334537304,1.1010922325817372
2020-04-20,-0.0015846245379556915,1.0993474148114357
2020-04-21,-0.007660554821959575,1.0909258036718932
2020-04-22,0.003915477027416659,1.0951972985947864
2020-04-23,0.0030044916930853875,1.098487809780704
2020-04-24,-0.0015630265301195044,1.096770844191004
2020-04-27,-0.0013405307072285602,1.095300589195573
2020-04-28,-0.00019007936879483767,1.0950923951509381
2020-04-29,0.007109810758102841,1.102878294843099
2020-04-30,-0.0100130867928659,1.0918350787548672
2020-05-01,-0.004771101596468495,1.0866258226675394
2020-05-04,0.0017063359098707042,1.0884799713293498
2020-05-05,0.0024880495451283565,1.091188163426897
2020-05-06,-0.00686867773314418,1.0836931435860961
2020-05-07,0.008337413491026624,1.0927283414215638
2020-05-08,0.0009875216550569216,1.093807434321812
2020-05-11,-0.0028319328307189074,1.0907098451380717
2020-05-12,-0.0036174885107328352,1.0867642148047414
2020-05-13,-0.001612625630655451,1.0850116709774682
2020-05-14,0.005933567795348649,1.0914496612859577
2020-05-15,0.0012158747748114208,1.0927767273970916
2020-05-18,0.0015152795254112716,1.0944325895979623
2020-05-19,-0.0005513727200986973,1.093829149324071
2020-05-20,0.0001740683592295397,1.0940195503693713
2020-05-21,-0.004140011655867016,1.0894902966790958
2020-05-22,0.003550905866898036,1.093358974165502
2020-05-26,-0.003310683702357476,1.0897392084289061
2020-05-27,0.004382169498513932,1.094514630349418
2020-05-28,-0.0016651584582449198,1.0926920900550188
2020-05-29,0.003936550011831774,1.0969935271150533
2020-06-01,-0.00034127215164891944,1.0966191537737098
2020-06-02,0.00023489193005787857,1.096876740763278
2020-06-03,0.015936251517474142,1.114356844387749
2020-06-04,-0.0031340775144649167,1.1108643636586633
2020-06-05,0.03622294664265602,1.1511031442306991
2020-06-08,0.018839412589258718,1.1727892512976543
2020-06-09,-0.011272369829057861,1.1595691371254833
2020-06-10,-0.013348912693727169,1.1440901499516547
2020-06-11,-0.06625790865851824,1.0682851292990476
2020-06-12,-0.0014984226774492734,1.0666843866353242
2020-06-15,-0.002044149327312328,1.064503924463929
2020-06-16,0.02139364136654035,1.087277539657185
2020-06-17,-0.007014211304333714,1.0796511452475734
2020-06-18,0.0027325096729041223,1.0826013024453245
2020-06-19,-0.0019999360886629883,1.0804361690309305
2020-06-22,0.002340304493950503,1.0829647186527402
2020-06-23,0.0048809335582177815,1.0882505974903784
2020-06-24,-0.03142371781419389,1.054053717803713
2020-06-25,0.003876724845906143,1.0581399940404426
2020-06-26,0.005057932009368582,1.063491994186693
2020-06-29,-0.0006300751361600799,1.0628219143236506
2020-06-30,-0.0007316269049891023,1.0620443252159195
2020-07-01,0.0002608375645639759,1.062321346271168
2020-07-02,0.0024445411475157107,1.0649182345140122
2020-07-06,0.0039444320600773965,1.0691187321395903
2020-07-07,0.0014380865616726362,1.0706562174211127
2020-07-08,0.0016692457421490392,1.0724434057533483
2020-07-09,0.0016263950208460169,1.0741876223686047
2020-07-10,0.001233517474782286,1.075512651571991
2020-07-13,-0.001994427885201855,1.0733676191488084
2020-07-14,0.0047244002058930415,1.078438637349714
2020-07-15,0.0014610201997326652,1.080014257983054
2020-07-16,-0.001234937092193444,1.078680508315773
2020-07-17,0.0012535052360002964,1.0800326399809181
2020-07-20,0.00357180480790582,1.0838903057570972
2020-07-21,0.0019320101923786307,1.0859843928752402
2020-07-22,0.00031563037767056123,1.0863271625393078
2020-07-23,-0.011583407651196509,1.0737437921730475
2020-07-24,-0.0011872031510639645,1.0724690401595443
2020-07-27,0.0017322283934914637,1.0743268014820493
2020-07-28,0.001365307237637026,1.0757935876397
2020-07-29,0.0039042737282982687,1.0799937802809934
2020-07-30,-0.002025462866926875,1.0778062929825223
2020-07-31,0.005253607979803632,1.0834686647240177
2020-08-03,0.010016630278595375,1.0943213697570016
2020-08-04,0.008515125340050344,1.1036396533827781
2020-08-05,0.008691587669527469,1.1132320341857216
2020-08-06,0.004297828614968257,1.1180165146773442
2020-08-07,0.00019636988173000764,1.1182360594481036
2020-08-10,0.007875484469179584,1.1270427101671636
2020-08-11,-0.009990443926730708,1.115783053168208
2020-08-12,0.014533535542950626,1.1319993258296501
2020-08-13,-0.004165070230677293,1.1272844691364903
2020-08-14,0.001432562838144369,1.1288993749749925
2020-08-17,0.0005015340853517825,1.1294655564904748
2020-08-18,-0.0031149197840013134,1.1259473618832145
2020-08-19,-0.005648440203394056,1.119587515537448
2020-08-20,-0.0029460542551691107,1.1162891499732646
2020-08-21,-0.001329156351761157,1.1148054271591756
2020-08-24,0.005299200972606666,1.1207130051630447
2020-08-25,0.0007166720463230522,1.1215161888457956
2020-08-26,0.003937127226400295,1.1259317407677492
2020-08-27,-0.002611938153553994,1.1229908766957404
2020-08-28,0.009349367001407316,1.133490130541201
2020-08-31,-0.0009897402554645829,1.1323682697298325
2020-09-01,0.009788219014153499,1.143452138358626
2020-09-02,0.004688217470800643,1.1488128906507034
2020-09-03,-0.03068834301273496,1.113557726604963
2020-09-04,-0.006275746432594431,1.106569320674734
2020-09-08,-0.008172829628053956,1.097525518145228
2020-09-09,0.0024320065066131876,1.1001947073465312
2020-09-10,-0.008105344646659646,1.0912772500650567
2020-09-11,-0.00018314407458528401,1.0910773891029775
2020-09-14,0.005741441212150093,1.0973417457904184
2020-09-15,-0.00446207909886262,1.0924453201222175
2020-09-16,0.012545255110089358,1.106150325356974
2020-09-17,-0.001961628515630087,1.1039804693361803
2020-09-18,-0.006491667630620629,1.0968137950585533
2020-09-21,-0.015454065849117057,1.0798635624454984
2020-09-22,-0.004392097238979415,1.0751206966744071
2020-09-23,-0.014633532717100108,1.0593878827847907
2020-09-24,4.6687288384261657e-05,1.0594373427323849
2020-09-25,0.0006034135550145308,1.0600766215856783
2020-09-28,0.009697178048564603,1.0703563733303154
2020-09-29,-0.0016138981840580046,1.0686289271231026
2020-09-30,0.0028599601118302898,1.0716851632290225
2020-10-01,0.011792108625915954,1.0843225910866017
2020-10-02,-0.008529434900058863,1.0750739321352654
2020-10-05,0.017885197222547555,1.0943018414403243
2020-10-06,-0.01167222856503028,1.0815289002278994
2020-10-07,0.017503324338025938,1.1004592513495368
2020-10-08,0.014023572293527197,1.1158916212169179
2020-10-09,0.005105003582901512,1.12158825194136
2020-10-12,0.015947087651841673,1.1394743181043447
2020-10-13,-0.0064087576261459556,1.132171703378396
2020-10-14,-0.0055143786679449965,1.1259284798888352
2020-10-15,0.0021016140703389533,1.128294747024365
2020-10-16,-0.0068494295492723236,1.1205665716438076
2020-10-19,-0.01608817317583464,1.1025387025841507
2020-10-20,0.0013060306903232748,1.1039786519669947
2020-10-21,-0.0047894065805529,1.098691249346474
2020-10-22,0.00873863791394128,1.1082923143537287
2020-10-23,-0.0005087894802284199,1.1077284268831675
2020-10-26,-0.007464595598442561,1.0994596821435858
2020-10-27,-0.0017489107533367812,1.0975368252826245
2020-10-28,-0.010256782589059245,1.0862796286822143
2020-10-29,-0.0026709065489436182,1.083378277307983
2020-10-30,-0.0011179186530878792,1.08216714852343
2020-11-02,0.005631628788318532,1.0882615121908272
2020-11-03,0.0028356898556569253,1.0913474843212487
2020-11-04,-0.006102359778129413,1.084687689328964
2020-11-05,0.024036829942262406,1.11076014285783
2020-11-06,-0.005837661265021389,1.1042759013971393
2020-11-09,0.03343964604790235,1.141202496679088
2020-11-10,0.004374433415943381,1.146194611014919
2020-11-11,0.0068074240050500995,1.1539972437244013
2020-11-12,-0.013842148797845578,1.1380234421644644
2020-11-13,0.01820749792751939,1.1587440016291422
2020-11-16,0.024010386444633845,1.1865658928986593
2020-11-17,0.00041879558875348457,1.1870628214603707
2020-11-18,-0.014440767301202051,1.1699207234837532
2020-11-19,0.004356611825007006,1.1750176139420032
2020-11-20,-0.0023977123273220546,1.172200259724234
2020-11-23,0.0012598726763222434,1.1736770828026384
2020-11-24,0.008409612563742924,1.1835472523439525
2020-11-25,0.00017837108911206156,1.1837583629563688
2020-11-27,0.0015252406876582747,1.1855638793759056
2020-11-30,-0.006808097901324167,1.1774924444168406
2020-12-01,0.013523440648335106,1.1934161936027747
2020-12-02,0.0029877509310858863,1.1969818239463843
2020-12-03,0.0036618991347970864,1.2013650506518612
2020-12-04,0.008282027319591073,1.2113147888221618
2020-12-07,0.004869554359925449,1.217213352033313
2020-12-08,0.005661456544137411,1.2241045525307936
2020-12-09,-0.013997414196870478,1.2069702540887453
2020-12-10,0.002859384191998715,1.2104214457534992
2020-12-11,-0.0016109930735024869,1.2084714651883715
2020-12-14,-0.00038989948002376984,1.208000282792471
2020-12-15,0.015802413065714338,1.2270896022446574
2020-12-16,0.002248089198225972,1.229848209124719
2020-12-17,0.008639547701885186,1.2404735413935302
2020-12-18,-0.003388107911246635,1.2362706831742425
2020-12-21,-0.0022830523500993183,1.2334482124856627
2020-12-22,0.0011252974946147354,1.23483620866891
2020-12-23,0.002754709659795407,1.2382378239011953
2020-12-24,0.0029087701608378758,1.24183957313538
2020-12-28,0.003498090411609811,1.2461836402389224
2020-12-29,-0.00549725573650719,1.2393330500738775
2020-12-30,0.005610209596460613,1.2462859682446126
2020-12-31,0.00023149570363041318,1.246574478091756
2021-01-04,-0.010615040335020198,1.2333420397262052
2021-01-05,0.008786917359409719,1.2441793143051652
2021-01-06,0.01182327553938122,1.2588895891585936
2021-01-07,0.01821035041120169,1.2818144097061852
2021-01-08,0.004893288775225457,1.2880866977691228
2021-01-11,-0.0033920498113841563,1.2837174435289085
2021-01-12,0.010159438513932818,1.2967592919657034
2021-01-13,-0.00015743117251514364,1.2965551416298993
2021-01-14,0.007266456498778107,1.30597650316482
2021-01-15,-0.015325077856476143,1.2859623115750907
2021-01-19,0.013318111194160485,1.3030889006321473
2021-01-20,0.012744540253008307,1.319696169579502
2021-01-21,-0.0058244055770636525,1.3120097238493735
2021-01-22,-0.0006419532556510288,1.3111674749357027
2021-01-25,0.0014235017281186918,1.313033924102127
2021-01-26,-0.005691756397703795,1.3055604548642166
2021-01-27,-0.022060557135039904,1.276759063856436
2021-01-28,0.002961197016004158,1.280539798986484
2021-01-29,-0.007878075525189364,1.2704516097370575
2021-02-01,0.0058939872045104865,1.2779396352687975
2021-02-02,0.003469582709011592,1.2823735525304867
2021-02-03,0.009397073602727684,1.2944241111898072
2021-02-04,0.003759342937103444,1.2992902953298249
2021-02-05,0.007664696804173576,1.3092489615041332
2021-02-08,0.017548445224217536,1.3322242451899522
2021-02-09,-0.0014410713903766246,1.3303044149446428
2021-02-10,0.0017013572856211078,1.3325677380531027
2021-02-11,-0.0011812839922376254,1.3309935971155682
2021-02-12,0.0066765869400525315,1.3398800915833635
2021-02-16,-0.00615401243521328,1.3316344528380648
2021-02-17,-0.005939874391696159,1.3237247114525517
2021-02-18,-0.006043787265554101,1.3157244008983755
2021-02-19,0.008760834713818928,1.3272512449035845
2021-02-22,0.010697845668023127,1.3414499738842547
2021-02-23,0.0024388102680555582,1.3447215158546464
2021-02-24,0.010986781138151935,1.3594956768411053
2021-02-25,-0.009637573310093807,1.3463934375907936
2021-02-26,-0.009306984467175516,1.3338625747804291
2021-03-01,0.010227750733979971,1.3475049887086683
2021-03-02,-0.002691871565083093,1.3438776783457558
2021-03-03,0.003907403008954868,1.3491287500297915
2021-03-04,0.0008565279340286898,1.3502843164907932
2021-03-05,0.010483185939871919,1.364439598052259
2021-03-08,0.0032891367833794314,1.368927426522912
2021-03-09,-0.0022216013393468637,1.3658862155186802
2021-03-10,0.00636022651930378,1.3745735612489733
2021-03-11,-4.458237165856937e-05,1.3745122794995936
2021-03-12,-0.00036293901445706424,1.374013415367513
2021-03-15,0.006149074852891845,1.3824623267074854
2021-03-16,-0.0028923688505765877,1.378463735736621
2021-03-17,0.005631176105918012,1.3862261077881755
2021-03-18,-0.020355981954554375,1.3580081141531073
2021-03-19,0.0003973798158516785,1.3585477591674344
2021-03-22,-0.007101195192487813,1.3489004463512695
2021-03-23,-0.00907406175256201,1.3366604404030196
2021-03-24,0.003989081893415992,1.3419924883634768
2021-03-25,0.005565613891378274,1.3494615003988377
2021-03-26,0.007065917302493369,1.3589966837635545
2021-03-29,-0.009234219872253162,1.346447409580019
2021-03-30,0.00042225905290327315,1.3470159591879722
2021-03-31,0.000847841849551417,1.3481580156901856
2021-04-01,0.007924640752812694,1.358841683642555
2021-04-05,0.009761216285818736,1.372105631214776
2021-04-06,0.000952430147345501,1.3734124659832876
2021-04-07,-0.003845324534326705,1.3681312493320918
2021-04-08,0.008601529518637074,1.3798992706585915
2021-04-09,0.0014814228571599641,1.3819434849787235
2021-04-12,-0.002728188665003378,1.3781732824273294
2021-04-13,0.004776864029590183,1.3847566288066988
2021-04-14,-0.0024774434261936318,1.3813259725997837
2021-04-15,0.011600959662559585,1.3973506794887598
2021-04-16,0.003041630804940132,1.4016009043607969
2021-04-19,-0.007457041714057117,1.3911491079505183
2021-04-20,-0.007882179985738591,1.3801838202946526
2021-04-21,0.007606162109651931,1.3906817221729324
2021-04-22,-0.008051413235719656,1.3794847689483558
2021-04-23,0.0037654392676234882,1.3846791350664422
2021-04-26,0.005313063306961674,1.392036022970879
2021-04-27,-0.0013936425612125491,1.3900960223225258
2021-04-28,0.00024582688636842764,1.3904377452994463
2021-04-29,0.0005307380852652976,1.391175703566067
2021-04-30,-0.007522718901314951,1.3807102798058004
2021-05-03,0.003675243140496748,1.38578472579067
2021-05-04,-0.010860553997363409,1.3707343359474988
2021-05-05,0.007484290300823083,1.3809933096430358
2021-05-06,0.003558433421484957,1.3859074823909165
2021-05-07,0.005042876950888725,1.39289644328993
2021-05-10,-0.001422951749135237,1.3909144188595863
2021-05-11,-0.006597157939225462,1.3817383367584237
2021-05-12,-0.0015790143661639554,1.3795565520744026
2021-05-13,0.0007036332004566938,1.3805272538663498
2021-05-14,0.009925232083930757,1.3942293072591647
2021-05-17,0.007186650056965654,1.404249145389602
2021-05-18,-0.006539530038101664,1.395066015922348
2021-05-19,-0.0057413910462539245,1.3870563963895983
2021-05-20,-0.0014367207741493304,1.3850635836499887
2021-05-21,-0.0009253145307463295,1.3837819641900297
2021-05-24,0.008818859580613458,1.3959853430224072
2021-05-25,-0.0003570099387454895,1.395486962380605
2021-05-26,0.005594935183057231,1.403294621483926
2021-05-27,0.0018689675985086307,1.4059173336626407
2021-05-28,0.0020120768848288506,1.4087461474316836
2021-06-01,0.0011142600219271603,1.4103158569448107
2021-06-02,0.002400011787522194,1.4137006316256078
2021-06-03,-0.010515186473861793,1.3988353058658485
2021-06-04,0.010306845422028699,1.413252885134284
2021-06-07,0.004857391255957966,1.4201176073409927
2021-06-08,0.0020460928075863305,1.4230232997632997
2021-06-09,-0.0024568317535123008,1.4195271709344532
2021-06-10,0.002986785919824375,1.4237669947014082
2021-06-11,0.0008924323951662316,1.4250376104906481
2021-06-14,0.0007564989096994768,1.426115649889265
2021-06-15,-0.00374985715653392,1.4207679199134828
2021-06-16,-0.007063656366262411,1.4107321035510045
2021-06-17,-0.0073996392969164215,1.400293194840147
2021-06-18,-0.012396677088351599,1.3829342122746975
2021-06-21,0.013380174816016254,1.4014381137939826
2021-06-22,0.00365376159153748,1.40655863454708
2021-06-23,0.00047811678727524565,1.4072311338425438
2021-06-24,0.006405674186735155,1.416245397991369
2021-06-25,0.001829309209988056,1.418836148741518
2021-06-28,0.0015490239519706794,1.4210339599198403
2021-06-29,-0.0027805405969192343,1.4170827173046823
2021-06-30,0.0010621450204110483,1.418587864656378
2021-07-01,0.0045449242620895225,1.425035239060361
2021-07-02,0.004043166000060272,1.4307968930878174
2021-07-06,-0.0017668828177175577,1.428268842641777
2021-07-07,3.833999721528092e-05,1.4283236024652264
2021-07-08,-0.006011485898582358,1.4197372552703944
2021-07-09,0.010337066959690777,1.434413174343292
2021-07-12,0.0017716010363779122,1.4369543822095527
2021-07-13,-0.0052383394741585265,1.4294271273466594
2021-07-14,-0.000347231852143165,1.4289307847177273
2021-07-15,-0.002119141341877951,1.4259026784171498
2021-07-16,-0.009269979564248748,1.4126845897276152
2021-07-19,-0.010136602133218514,1.3983647681018174
2021-07-20,0.00817414911698555,1.4097952102362206
2021-07-21,0.009607450020171698,1.4233397472572424
2021-07-22,-0.006202350399702649,1.4145116954069288
2021-07-23,0.00577463554128792,1.4226799849167933
2021-07-26,0.0009460541915587983,1.4240259172797705
2021-07-27,-0.006395402023559121,1.4149186990467988
2021-07-28,0.005795493924211553,1.423118851770378
2021-07-29,0.006182044600129222,1.431916635983307
2021-07-30,-0.006140353035141655,1.4231241623214772
2021-08-02,-0.002057115796357867,1.4201966311269871
2021-08-03,0.004406641271374079,1.4264549282151777
2021-08-04,-0.0039222598378983176,1.4208600013396673
2021-08-05,0.006674032264267021,1.4303428668316147
2021-08-06,-0.006813111238018632,1.4205977817713844
2021-08-09,-0.00371874479963078,1.415314941158055
2021-08-10,0.005219208813530873,1.4227017653728689
2021-08-11,0.004762245050577557,1.4294770198134636
2021-08-12,0.0012069075647118566,1.4312022664422583
2021-08-13,-0.003821966739155423,1.425732258982912
2021-08-16,-0.004809198541814508,1.4188756294819935
2021-08-17,-0.003074092147575634,1.4145138750510167
2021-08-18,-0.005115181127435986,1.4072783803728592
2021-08-19,-0.00813066049840515,1.395836277635302
2021-08-20,-0.00021550143753593646,1.3955354729109068
2021-08-23,0.001065298730025976,1.397022135077905
2021-08-24,-0.0014340637361888065,1.3950187162953367
2021-08-25,0.0031063342571572175,1.3993521107231401
2021-08-26,-0.005530652734588176,1.3916127801453175
2021-08-27,0.01547313712310927,1.4131453955147775
2021-08-30,0.0016440367621742558,1.415468658495301
2021-08-31,0.0004156368364902352,1.416056979410669
2021-09-01,0.0022441445739596055,1.419234815997431
2021-09-02,0.007144973423136869,1.429375211038923
2021-09-03,-0.0012210816412922432,1.4276298272102053
2021-09-07,-0.0032184040986891873,1.423035137522901
2021-09-08,-0.004628472558058994,1.4164486584397225
2021-09-09,0.001840607284713197,1.419055784158869
2021-09-10,-0.0016009748770023642,1.4167839114993657
2021-09-13,0.008293185963798098,1.428533563947947
2021-09-14,-0.004767469641669869,1.4217230735497188
2021-09-15,0.0074163869171387405,1.4322671219521872
2021-09-16,-0.0008402514427788457,1.431063657436522
2021-09-17,-0.0004959087500274742,1.430353980446953
2021-09-20,-0.008613592255826702,1.418033494477884
2021-09-21,0.000905581088123344,1.4193176387928086
2021-09-22,0.00729907684255446,1.4296773473023503
2021-09-23,0.007005300105017627,1.4396926661735487
2021-09-24,0.000588754792143247,1.440540292129972
2021-09-27,0.007560067308944213,1.4514308736997206
2021-09-28,-0.003159240076802782,1.4468454551148195
2021-09-29,-0.00023999013060725915,1.446498226485078
2021-09-30,-0.0018873657945137623,1.4437681552105854
2021-10-01,0.009282507931866014,1.457169944563103
2021-10-04,0.0034141832336993423,1.4621449897564809
2021-10-05,0.0021405240617507707,1.465274746288823
2021-10-06,-0.002746470861948519,1.4612504118933916
2021-10-07,0.002169790217246004,1.4644210187420645
2021-10-08,-0.0035771431492047476,1.45918257512732
2021-10-11,-0.0056321432496574675,1.450964249836799
2021-10-12,0.0010143088165626701,1.4524359756679255
2021-10-13,0.0006986940358548406,1.4534507840215858
2021-10-14,0.013027632122628408,1.4723858061441648
2021-10-15,-0.0012798231414899441,1.4705014127162603
2021-10-18,0.0024895615445298946,1.4741623164845357
2021-10-19,0.005557319244837822,1.4823547070959497
2021-10-20,0.0045068763868276185,1.4890354965222634
2021-10-21,0.002591894111649562,1.4928949188577367
2021-10-22,-0.0014226499669717785,1.4907710519507313
2021-10-25,0.008003248245936012,1.5027020627573482
2021-10-26,-0.002721688746292167,1.4986121754641115
2021-10-27,-0.004468749729246074,1.4919152527107615
2021-10-28,0.010114509876615774,1.5070052442693782
2021-10-29,-0.0004556898021087219,1.5063185173478402
2021-11-01,0.009068729977167733,1.5199789132412753
2021-11-02,0.0020424818809808565,1.5230834426310436
2021-11-03,0.006569255808971525,1.533088967384096
2021-11-04,0.007123754869552995,1.5440103173809565
2021-11-05,0.007788221650228355,1.5560354119629587
2021-11-08,0.0015479493805651834,1.5584440760150444
2021-11-09,-0.0027683521443170878,1.5541297540154098
2021-11-10,-0.00691028211084499,1.5433902789783052
2021-11-11,0.00418647012655643,1.5498516362748653
2021-11-12,0.005242025039289444,1.557975997359402
2021-11-15,-0.0013501075755947833,1.5558725621627723
2021-11-16,-0.0009541930539232579,1.5543879593711667
2021-11-17,-0.0051823714489151185,1.5463325435899842
2021-11-18,-0.004150101754994667,1.539915106187026
2021-11-19,-0.010834508902313049,1.5232308822602363
2021-11-22,-0.010374765651047984,1.5074277188243472
2021-11-23,0.006516985615528731,1.5172516035843748
2021-11-24,0.0016814831786110319,1.5198028366335223
2021-11-26,-0.01561349210864267,1.496073407037052
2021-11-29,-0.0008475354865856211,1.4948054317340511
2021-11-30,-0.009145705575644003,1.4811343813625382
2021-12-01,0.004036453504296522,1.487112911426523
2021-12-02,-0.0011317004019098854,1.4854299451469761
2021-12-03,0.005948177149073563,1.4942655456032488
2021-12-06,-0.004237871550211392,1.4879330401590756
2021-12-07,-0.0012039326079436475,1.4861416690535914
2021-12-08,0.0035222230229440157,1.4913761914556882
2021-12-09,-0.012556223513889408,1.4726501386524775
2021-12-10,0.005434411757528318,1.480653125880696
2021-12-13,-0.008849498057395544,1.4675500889195383
2021-12-14,-0.004121847734493001,1.4615010709102703
2021-12-15,0.003312414662875373,1.4663421684873614
2021-12-16,-0.00099964680210981,1.4648763442278343
2021-12-17,0.005455578177701914,1.4728680916444354
2021-12-20,-0.0039801899903474935,1.46700579680897
2021-12-21,-0.0017315249887051355,1.46446563961322
2021-12-22,0.0026606282142444203,1.4683620382127667
2021-12-23,0.0003266408516152787,1.4688416652394083
2021-12-27,0.005281606319999233,1.4765995086616148
2021-12-28,-0.003100634924923828,1.4720211126549332
2021-12-29,-0.0007299281532129777,1.4709466430026825
2021-12-30,-0.0030005796569825163,1.466532950429182
2021-12-31,-0.002554216821964217,1.462787107297231
2022-01-03,0.013403608232682917,1.4823937326112626
2022-01-04,0.0026271496031068154,1.4862882027175401
2022-01-05,-0.0067605971851200175,1.4762400068779709
2022-01-06,0.004649459703481478,1.4831037253026171
2022-01-07,-0.0012507723592330858,1.481248700157133
2022-01-10,-0.00041621892901420947,1.48063217640955
2022-01-11,0.007212711769853584,1.491311549535163
2022-01-12,-0.0015902397963430117,1.4889400065603462
2022-01-13,-0.003569011981594943,1.4836259618370562
2022-01-14,0.0031423519233710847,1.488288036731798
2022-01-18,-0.0028370267154157348,1.4840657238113564
2022-01-19,-0.0038244088232862765,1.4783900497628755
2022-01-20,-0.003853278237753926,1.4726934015572122
2022-01-21,-0.0069138612728875,1.4625114036813487
2022-01-24,0.005677383571649175,1.4708146418979589
2022-01-25,0.009366128581066198,1.48459048095289
2022-01-26,-0.0032181606191854497,1.47981283033147
2022-01-27,-0.002259345268139079,1.476469422215529
2022-01-28,-0.0014381539591774516,1.4743460318703654
2022-01-31,0.0030526850750233533,1.478846745997276
2022-02-01,0.006132039796480404,1.4879150930966267
2022-02-02,0.002883107885934294,1.4922049128351345
2022-02-03,-0.021098329224222417,1.4607218823141368
2022-02-04,0.00579062778826217,1.4691803790367877
2022-02-07,0.0002720935034598304,1.4695801334733343
2022-02-08,0.009893700004656059,1.4841197184467216
2022-02-09,0.014553460802503249,1.5057187965953582
2022-02-10,-0.014934410089915195,1.4832317746069097
2022-02-11,0.009542654901873192,1.4973857435714764
2022-02-14,-0.0050548135366156825,1.489816737845336
2022-02-15,-0.0012628458290944175,1.487935328991833
2022-02-16,0.0030684178347820004,1.4925009362923136
2022-02-17,-0.015864027873497732,1.468823859837751
2022-02-18,-0.001060410287289354,1.467266303906563
2022-02-22,-0.00359301617245793,1.4619943923473242
2022-02-23,0.0010390337329059971,1.4635134538382926
2022-02-24,-0.00218818927170611,1.460311009399606
2022-02-25,0.007820697588936654,1.4717316601899149
2022-02-28,0.005617292118532914,1.479998806845295
2022-03-01,0.0005863544895792225,1.4808666107902606
2022-03-02,0.0066707252776908085,1.4907450651237475
2022-03-03,-0.00638969544711519,1.4812196581683168
2022-03-04,-0.005586227326681126,1.4729452284370397
2022-03-07,-0.019091055749760888,1.4448251489646038
2022-03-08,0.008331850857744712,1.4568632166212958
2022-03-09,-0.0076654199680364216,1.4456957482299093
2022-03-10,0.006706476509847676,1.4553912728057998
2022-03-11,-0.002772722834867641,1.451355876190024
2022-03-14,-0.008011127065280337,1.4397288798489245
2022-03-15,-0.010192033481366498,1.425055114901414
2022-03-16,0.003441750745659488,1.4299597994057316
2022-03-17,0.011200914670429208,1.4459766571010193
2022-03-18,0.00829049050086389,1.4579645128411862
2022-03-21,-0.0010651759493031099,1.4564115241071705
2022-03-22,0.00853262244953723,1.4688385337735321
2022-03-23,-0.007734905851084717,1.4574772060043486
2022-03-24,0.014015036267073455,1.4779038019049324
2022-03-25,0.0003286058544374193,1.4783894497465337
2022-03-28,0.0011803215514318843,1.480134424675479
2022-03-29,0.01419968918815212,1.5011518734625553
2022-03-30,-0.007314167442676045,1.4901721973031634
2022-03-31,-0.009488625249365362,1.4760325117659303
2022-04-01,0.0014424354411606,1.4781615933732069
2022-04-04,0.008909931287735318,1.4913319116023316
2022-04-05,-0.01619110414921321,1.467185601300533
2022-04-06,0.00038955192369771757,1.4677571462739414
2022-04-07,0.0018123924632509614,1.470417298263731
2022-04-08,0.007302463050682635,1.4811549662533863
2022-04-11,-0.003191776085838216,1.4764274512526783
2022-04-12,0.004559050596489828,1.4831585587049858
2022-04-13,0.003649342273965084,1.488571111932261
2022-04-14,0.00017755091876937054,1.4888354091008382
2022-04-18,0.0038122146323959273,1.4945111692326418
2022-04-19,-0.001738618227272888,1.4919127848729512
2022-04-20,0.0022082346515531594,1.4952072783816026
2022-04-21,-0.009176427753828353,1.4814866168145355
2022-04-22,-0.008317426139209654,1.469164461302953
2022-04-25,-0.008588776062078378,1.456546136746458
2022-04-26,-0.001264918956281024,1.4547037239273897
2022-04-27,0.0014134831493083423,1.4567599231283972
2022-04-28,0.00740731034488078,1.4675505959769939
2022-04-29,-0.007850213720226396,1.4560300101533288
2022-05-02,0.0015872163574958574,1.4583410448024492
2022-05-03,0.008055277206139843,1.4700883861794243
2022-05-04,0.011034736464234873,1.4863104241000467
2022-05-05,-0.005669305146052817,1.4778840767640644
2022-05-06,0.004106473873588018,1.4839529691134878
2022-05-09,-0.022153770467099314,1.4510778156517772
2022-05-10,0.0009531042903472618,1.4524608441435025
2022-05-11,0.008663799449206722,1.4650446736049874
2022-05-12,-0.0017077625244741102,1.4625427252147243
2022-05-13,-0.008007936530841198,1.4508307758975612
2022-05-16,0.004857305830587234,1.4578779046845236
2022-05-17,0.004624093859065365,1.4646192689508424
2022-05-18,-0.005611198250612592,1.4564009998710918
2022-05-19,0.0003816370613400231,1.4569568164688154
2022-05-20,0.0005493911933318275,1.4577572557128482
2022-05-23,0.012921218111604727,1.4765932551676884
2022-05-24,-0.009047012617986627,1.4632344973565523
2022-05-25,0.005804138556692795,1.4717273131201423
2022-05-26,0.016940960390567878,1.4966597872374277
2022-05-27,0.021159084512121062,1.5283277381614775
2022-05-31,-0.007643539637406743,1.516645904515892
2022-06-01,-0.0036954677675928027,1.5110411884609019
2022-06-02,0.020790055523907502,1.5424558186679154
2022-06-03,-0.011981729547914675,1.523974530209029
2022-06-06,0.002555477526947736,1.5278690128726191
2022-06-07,0.014663364986920469,1.5502727138605763
2022-06-08,-0.008076744100594823,1.5377515578645897
2022-06-09,-0.006026736994499909,1.5284839336624572
2022-06-10,-0.0038763179855850977,1.5225590438997236
2022-06-13,-0.013556643296255364,1.5019182540440874
2022-06-14,-0.005330984863509669,1.4939115505655496
2022-06-15,-0.0027073694541108525,1.489866980066405
2022-06-16,-0.015148914121566597,1.4672971131328214
2022-06-17,0.0024475852622219637,1.470888447922226
2022-06-21,-0.00763787079653846,1.459653992000875
2022-06-22,0.008871255337186178,1.472602955267858
2022-06-23,0.0010571010747899012,1.4741596454346104
2022-06-24,0.006038930323383883,1.4830619928189344
2022-06-27,-0.003435044716542624,1.4779676085561964
2022-06-28,-0.004373653802207122,1.4715034899054955
2022-06-29,0.0038715025937590356,1.47720041948339
2022-06-30,-0.002538035049861853,1.4734512330430707
2022-07-01,0.005703872602960014,1.4818556111630228
2022-07-05,0.0007481033031550011,1.4829641922405328
2022-07-06,-0.004599563056029089,1.4761432049284893
2022-07-07,-0.0024336069403755652,1.472550852579987
2022-07-08,-0.002615588550300951,1.4686992654302429
2022-07-11,0.0012598724967216256,1.4705496392407138
2022-07-12,-0.0022788400572721357,1.467198491816605
2022-07-13,0.0012599268240075733,1.4690470545525882
2022-07-14,-0.0037822674565532897,1.4634907256860086
2022-07-15,-0.0013564895076622176,1.4615055158720545
2022-07-18,-0.005580844892682991,1.453349080278172
2022-07-19,-0.003510838083072687,1.4482466069791327
2022-07-20,0.0070243575618497865,1.4584196089842898
2022-07-21,0.010943245369847088,1.4743794526176013
2022-07-22,-0.010067534280857882,1.4595360869353813
2022-07-25,-0.0005095441954731106,1.4587923887941998
2022-07-26,-0.009704338659350636,1.4446357734196578
2022-07-27,0.025290559799364343,1.4811714208356284
2022-07-28,0.012061360570679192,1.499036363409312
2022-07-29,0.019839501103057978,1.5287764969946949
2022-08-01,-0.005275489985278359,1.5207114518950704
2022-08-02,-0.003534741054922019,1.5153361306933668
2022-08-03,0.010066272834018796,1.5305899176201727
2022-08-04,-0.0066387464193188315,1.5204287192851262
2022-08-05,0.002537031794551237,1.5242860952873014
2022-08-08,0.0018392069013848601,1.5270895727934388
2022-08-09,-0.0038026116224967317,1.5212826442353409
2022-08-10,0.02182939353322024,1.554491321751612
2022-08-11,0.005923610739308905,1.5636995232393023
2022-08-12,0.016519585083595058,1.589531190558631
2022-08-15,0.0004696779509463009,1.5902777583111778
2022-08-16,-0.0006624288422763525,1.589224312456842
2022-08-17,-0.007246987491785339,1.577707223742826
2022-08-18,0.008293972478949653,1.590792684036389
2022-08-19,-0.014224127465232606,1.568165046127896
2022-08-22,-0.0024581369182815165,1.5643102817340502
2022-08-23,0.0077572766665604375,1.5764450693818062
2022-08-24,0.004303587390851871,1.5832294385047683
2022-08-25,0.0035702297880790927,1.5888819314074818
2022-08-26,-0.0062392083053807385,1.578968566064775
2022-08-29,0.0020358563384886954,1.5821831192282725
2022-08-30,-0.008790830285585832,1.568274415946418
2022-08-31,-0.0035978188646194286,1.562632048667826
2022-09-01,-0.004656819730687455,1.555355152911785
2022-09-02,0.004474694655601574,1.5623148923020818
2022-09-06,-0.006867971337303635,1.5515849584019084
2022-09-07,0.004952605471933591,1.5592693465570595
2022-09-08,-0.004059901952382794,1.552938865892682
2022-09-09,0.005877323431056098,1.5620659898761906
2022-09-12,0.009853735760176775,1.5774581753803893
2022-09-13,-0.037612813321589084,1.5181255355071923
2022-09-14,0.004037915011077858,1.5242555973957175
2022-09-15,-0.013588814409106958,1.5035427709706646
2022-09-16,-0.005682487199266201,1.4949989084210744
2022-09-19,0.0014644586733928266,1.4971882725392243
2022-09-20,-0.0034904083788262767,1.4919624740480728
2022-09-21,-0.0026764512006340283,1.4879693092931061
2022-09-22,-0.007401123559642308,1.4769566645820722
2022-09-23,0.002340524110085563,1.480413517265078
2022-09-26,-0.004737565387552733,1.4733999614264177
2022-09-27,-0.007153996277271324,1.4628592635874413
2022-09-28,0.011063761604059308,1.4790439897400627
2022-09-29,-0.0031966445210428575,1.4743160118738787
2022-09-30,-0.0038538422058868923,1.4686342306025042
2022-10-03,0.01020241342045878,1.4836178441865484
2022-10-04,0.013923552634594145,1.504275075329703
2022-10-05,0.001697815389681989,1.5068290567029128
2022-10-06,-0.003022967971170164,1.5022739607264712
2022-10-07,-0.026694046394048137,1.4621721899222684
2022-10-10,-0.007608067818308704,1.451047884739295
2022-10-11,0.0009732319684957358,1.4524600909285412
2022-10-12,0.0030767871195026774,1.456929001427902
2022-10-13,-0.007574246859975331,1.4458938615136296
2022-10-14,-0.0034359329150207116,1.4409258672032286
2022-10-17,-0.0046689274549555956,1.4341982888612876
2022-10-18,0.002029597917155719,1.4371091347211487
2022-10-19,-0.0008157155003806532,1.435936862524218
2022-10-20,-0.006403358878303423,1.4267420434668903
2022-10-21,0.024443182150553477,1.4616161591172043
2022-10-24,0.00877156512299455,1.474436820441722
2022-10-25,0.01665690201550789,1.4989963700878766
2022-10-26,-0.005179270631520914,1.491232662211524
2022-10-27,-0.0062969647513458574,1.4818424227015223
2022-10-28,0.021559783036580345,1.5137906238293677
2022-10-31,-0.0037891124798644983,1.508054700884714
2022-11-01,-0.002172028626729083,1.504779162903719
2022-11-02,-0.02926675285889343,1.4607391630358033
2022-11-03,-0.006591722747331052,1.451110375466903
2022-11-04,0.0014535319108039406,1.453219610703743
2022-11-07,0.002635234933974045,1.4570491857886056
2022-11-08,-0.00022185790593937322,1.4567259279073959
2022-11-09,-0.010891964637700298,1.4408593206138074
2022-11-10,0.011482299770356395,1.457403699260007
2022-11-11,0.015783456323299104,1.4804065668926918
2022-11-14,-0.007478346746165521,1.4693355732601676
2022-11-15,0.011780732532567572,1.4866454226493326
2022-11-16,-0.013984139137626861,1.4658559662106883
2022-11-17,-0.003002362901468747,1.4614549346388408
2022-11-18,0.0010848528978219195,1.46304039825972
2022-11-21,-0.007928582479807201,1.4514405617908277
2022-11-22,0.016753734976439793,1.475757612297126
2022-11-23,0.0032541586847879556,1.480559961747825
2022-11-25,-0.0023568599261779006,1.477070489305678
2022-11-28,-0.018705742361179244,1.4494407892834251
2022-11-29,0.0021245524887950197,1.4525202023196582
2022-11-30,0.02950160398848795,1.495371878113771
2022-12-01,-0.0009484693772309428,1.4939535636798078
2022-12-02,-0.0015639219393581594,1.4916171369251867
2022-12-05,-0.021875963880725914,1.4589865743139396
2022-12-06,-0.018875015816774074,1.431448179647303
2022-12-07,-0.0016382835578146284,1.4291030616307232
2022-12-08,0.0012364704182465374,1.4308701052910553
2022-12-09,-0.006311089840991624,1.4218397555057742
2022-12-12,0.005189815913965539,1.429218842096007
2022-12-13,0.0035101356907067728,1.4342355941634788
2022-12-14,-0.002492571164136037,1.4306606598788894
2022-12-15,-0.023727534722901542,1.3967146093949236
2022-12-16,-0.002212093985112913,1.3936249454085619
2022-12-19,-0.005887110216619817,1.385420521754311
2022-12-20,-0.0030563157262353037,1.3811862392262242
2022-12-21,0.0012615501212607239,1.3829286748938037
2022-12-22,-0.006768441214396874,1.3735684034540812
2022-12-23,0.00499595472731385,1.3804306890126066
2022-12-27,-0.0008805472640205105,1.3792151545462266
2022-12-28,-0.005264786575229033,1.3719538811162193
2022-12-29,0.0053004333164793326,1.3792258311763608
2022-12-30,0.0006076739406021183,1.3800639507721717
2023-01-03,-0.005441625287129487,1.3725541598797941
2023-01-04,0.0007653921647470655,1.373604702079457
2023-01-05,-0.0067122292272537515,1.364384752451466
2023-01-06,0.0047870320339888014,1.3709161059681372
2023-01-09,0.0013017711855032867,1.3727007250526289
2023-01-10,0.009021501326622761,1.3850845464647472
2023-01-11,0.012091782572737707,1.401832687645458
2023-01-12,0.009885274189147131,1.4156901881301425
2023-01-13,0.004830593423660434,1.4225288118428647
2023-01-17,0.00023558514855793745,1.422863938504331
2023-01-18,-0.015530441238560577,1.4007662337169224
2023-01-19,-0.00456025500323407,1.3943783824912535
2023-01-20,0.019081564714573118,1.4209853038333622
2023-01-23,0.013004795979216955,1.4394649277991807
2023-01-24,-0.002134318976827543,1.436392650487301
2023-01-25,2.5276513857264106e-05,1.4364289574860356
2023-01-26,0.01664577091001802,1.4603394248408643
2023-01-27,0.000719251163880541,1.4613897756718417
2023-01-30,-0.017196677223662082,1.4362587274016532
2023-01-31,0.01553643339578532,1.4585730654590443
2023-02-01,0.008810920626264205,1.4714244369664107
2023-02-02,0.014512751240349942,1.4927788537890763
2023-02-03,-0.01030276165414288,1.4773991090561427
2023-02-06,-0.006840711191607907,1.4672926484363509
2023-02-07,0.010533794612430591,1.482748807831309
2023-02-08,-0.010216846984109379,1.4675997901458258
2023-02-09,-0.009974184327897234,1.452961679319328
2023-02-10,0.008831631934064844,1.4657937020853773
2023-02-13,-0.0005165930947973413,1.4650364831804825
2023-02-14,-0.0007186341329293354,1.4639836579576821
2023-02-15,-0.0028386942524794567,1.4598278559621138
2023-02-16,-0.010829281203328333,1.444018969601448
2023-02-17,-0.00592745558727208,1.435459611291957
2023-02-21,-0.004580617427609401,1.4288843199798438
2023-02-22,-0.001181670526923906,1.4271958494925399
2023-02-23,0.0031230599009656745,1.4316530676209147
2023-02-24,0.000635258981065623,1.432562538089891
2023-02-27,0.00019363140085564305,1.4328399271809547
2023-02-28,-0.000725039382700465,1.4318010618046428
2023-03-01,0.004471796726977712,1.438203785106504
2023-03-02,0.0005521628771641583,1.4389979078464366
2023-03-03,0.004998032288078364,1.4461900658523301
2023-03-06,-0.004559444668866386,1.4395962422664121
2023-03-07,-0.014170228598459067,1.4191968344240145
2023-03-08,0.0016586255761833757,1.4215507505912288
2023-03-09,-0.013435037223027052,1.4024521633426135
2023-03-10,-0.004535370031167068,1.396091523830844
2023-03-13,-0.010079863797596622,1.38201911142165
2023-03-14,0.00361525981922805,1.387015469584578
2023-03-15,-0.013186976873547284,1.3687249286639138
2023-03-16,0.003720127859780653,1.3738167604034128
2023-03-17,-0.0036725727042337506,1.3687713184685364
2023-03-20,0.0048007090696046036,1.3753423913513227
2023-03-21,0.00664670698284216,1.3844838892277165
2023-03-22,-0.010496214632742473,1.3699520491708082
2023-03-23,0.005665399487550821,1.3777133748081496
2023-03-24,0.001684299621905538,1.3800338569244333
2023-03-27,-0.006630600867497073,1.3708834032355348
2023-03-28,0.0038692174472184653,1.376187649217436
2023-03-29,0.009691443178140264,1.3895248936222853
2023-03-30,0.005101626974741713,1.3966137313016638
2023-03-31,0.014279816553521797,1.416557119180781
2023-04-03,0.009558307250177311,1.430097007363337
2023-04-04,-0.0098104911787111,1.4160670532878978
2023-04-05,-0.002697527203099425,1.412247173890241
2023-04-06,0.0004561167827292097,1.4128913235276142
2023-04-10,0.003877717061546648,1.4183701163189686
2023-04-11,0.001628307599667878,1.4206796591585127
2023-04-12,-0.005201996074418369,1.413289289148564
2023-04-13,0.002931043764327582,1.4174317019067137
2023-04-14,-0.0003112143565477111,1.4169905768116546
2023-04-17,0.00019327905700504465,1.4172644514141257
2023-04-18,5.3173851119703294e-05,1.4173398128230625
2023-04-19,-0.0005981160957888808,1.4164920790678106
2023-04-20,-0.0036761274124238017,1.4112848737064683
2023-04-21,-0.0034156710798592723,1.4064643887779062
2023-04-24,0.00023059365734530722,1.4067887105452404
2023-04-25,-0.00549518721751735,1.3990581432053044
2023-04-26,-0.005998965356775348,1.3906652418721013
2023-04-27,0.0012210706214389692,1.3923633423432078
2023-04-28,0.0047489986127761665,1.398975673924476
2023-05-01,-0.0016193288502477198,1.3967102722548954
2023-05-02,-0.005300026526363744,1.3893076707622998
2023-05-03,-0.0032064037490543533,1.3848529894381776
2023-05-04,-0.0031981202878832273,1.3804240629969196
2023-05-05,0.006435500453113557,1.389307782679825
2023-05-08,0.0003194557511324748,1.3897516050410954
2023-05-09,-0.0016549611660389985,1.387451620104312
2023-05-10,-0.003862528433363693,1.3820925487717426
2023-05-11,-0.0037874143132062108,1.376857991670349
2023-05-12,-0.002157386201818129,1.3738875772372563
2023-05-15,0.005805685200577226,1.3818639360116796
2023-05-16,-0.008158912060014428,1.370589429678855
2023-05-17,0.007421650639274308,1.3807614655958138
2023-05-18,0.0052272455897772905,1.3879790448773839
2023-05-19,2.376910995105508e-05,1.3880120359039112
2023-05-22,0.0034076841179894735,1.3927419424742393
2023-05-23,-0.006852594040568094,1.383198047339191
2023-05-24,-0.0077598225649513075,1.3724646759196517
2023-05-25,-0.0073598276491145045,1.3623635724503853
2023-05-26,0.01336619153949713,1.3805731849061909
2023-05-30,0.0018541071849071389,1.3831329155676155
2023-05-31,-0.004887656911154448,1.3763726364137963
2023-06-01,0.0099425259564635,1.3900572570771064
2023-06-02,0.010869671323359698,1.4051667225821853
2023-06-05,-0.0021489971499424887,1.4021470233001623
2023-06-06,0.00736148260898753,1.41246890422743
2023-06-07,-0.003430776735387747,1.407623038771348
2023-06-08,0.006983589153439634,1.4174532997570433
2023-06-09,-0.00129055597631339,1.4156239969298965
2023-06-12,0.007312897032909604,1.4259763094567606
2023-06-13,0.0045933358758804,1.4325262975971438
2023-06-14,-0.00043415420095188617,1.431904360287068
2023-06-15,0.009893421840554417,1.4460707941587172
2023-06-16,-0.004810190352953936,1.4391149183749665
2023-06-20,-0.0053316678735024214,1.4314420355983886
2023-06-21,-0.005630098459628002,1.4233828759987193
2023-06-22,-0.0004815017536158317,1.422697514647859
2023-06-23,-0.007442728826785816,1.412108762843793
2023-06-26,0.0042417913956447,1.4180986336437382
2023-06-27,0.0005644470546353194,1.4188990752406807
2023-06-28,0.0026422207591631553,1.4226481198324392
2023-06-29,0.006321551477266502,1.4316414631559964
2023-06-30,0.0013151842273186718,1.4335243354275147
2023-07-03,0.0015641106167997188,1.4357665260599974
2023-07-05,-0.0037523645735345335,1.4303790066117432
2023-07-06,-0.008643747892302517,1.4180151710881492
2023-07-07,0.003053830470606894,1.4223455490254011
2023-07-10,0.003934988780844011,1.4279424628032995
2023-07-11,0.006631833655806645,1.4374123396866738
2023-07-12,0.011180886269900814,1.4534838835796624
2023-07-13,0.008427201496473635,1.4657326851384653
2023-07-14,-0.0034479974079145437,1.4606788426394122
2023-07-17,0.006057690740205124,1.4695271833388825
2023-07-18,0.009853440793573254,1.4840070824344587
2023-07-19,0.0015973192478726528,1.4863775155112107
2023-07-20,-0.010872459292223302,1.470216936480939
2023-07-21,-0.0023104570469516528,1.466820063399499
2023-07-24,0.001062831720795132,1.4683790462915784
2023-07-25,0.0037432401864992138,1.4738755417466705
2023-07-26,0.0024017922454034335,1.4774154845935272
2023-07-27,-0.009413701089107163,1.4635075368371455
2023-07-28,0.0017744372413932728,1.4661044391135691
2023-07-31,0.0063820286942502195,1.4754611597127596
2023-08-01,-0.005131323672046284,1.4678900909367407
2023-08-02,-0.013555009984719757,1.447992826097622
2023-08-03,0.0020052737327879606,1.4508964480770612
2023-08-04,8.557765946189415e-05,1.4510206123992093
2023-08-07,0.00045494281805066297,1.4516807438056638
2023-08-08,-0.0007020595311155671,1.450661577503338
2023-08-09,0.0009597048483886658,1.452053784452639
2023-08-10,-0.0005274917133307855,1.4512878381140297
2023-08-11,0.00401796276612737,1.4571190586105054
2023-08-14,-0.0024402521701411273,1.4535633206655771
2023-08-15,-0.006908854813521793,1.443520862720838
2023-08-16,-0.0027673082743026323,1.4395261954933023
2023-08-17,0.0011206238872272741,1.4411393629342615
2023-08-18,0.0027849704849620795,1.4451528935247504
2023-08-21,-0.00270400943115341,1.4412451864712008
2023-08-22,-0.0020917130964177577,1.43823051503951
2023-08-23,0.0013461576478488277,1.4401666000467002
2023-08-24,-4.036754854804805e-05,1.4401084640515553
2023-08-25,0.0018878044349539156,1.4428271071968066
2023-08-28,0.006313225473939243,1.4519360000444517
2023-08-29,0.015003631482190916,1.4737203127248448
2023-08-30,0.0039923939438290534,1.4796039847762654
2023-08-31,-0.0004689110096576521,1.4789101821778705
2023-09-01,0.0032958462710299397,1.4837844427869897
2023-09-05,-0.008068971472202813,1.471811828447243
2023-09-06,-0.005952890636372221,1.4630502935951777
2023-09-07,-0.004705999051819398,1.4561651803007547
2023-09-08,0.00025420702058787104,1.4565353477127225
2023-09-11,-0.0034237889267739294,1.4515484781177688
2023-09-12,0.006146832730303827,1.4604709038126857
2023-09-13,-0.002968221721786624,1.4561359023519516
2023-09-14,0.005113973063992649,1.463582542134092
2023-09-15,-0.0019332104030957535,1.460753129137849
2023-09-18,0.0016200736997566021,1.4631196568642026
2023-09-19,-0.0022491162447569163,1.4598289306759262
2023-09-20,-0.002199509399811328,1.4566180232207881
2023-09-21,-0.005228834855365555,1.4490016081300177
2023-09-22,0.00013415172443293502,1.4491959941944543
2023-09-25,0.0024805120747617483,1.45279074235675
2023-09-26,-0.0028841732522785764,1.448600642156487
2023-09-27,0.004931318961168645,1.4557441539703142
2023-09-28,-5.7356571663080965e-05,1.455660657476424
2023-09-29,-0.0070858780931009726,1.4453460235126228
2023-10-02,-0.007849809890855198,1.4340003320015453
2023-10-03,-0.002637641816533659,1.4302179527609349
2023-10-04,-0.007022424231088643,1.4201743555537285
2023-10-05,-0.001133489619382433,1.4185646026639953
2023-10-06,0.0020197034758016818,1.421429682522645
2023-10-09,0.009056908053185668,1.4343034404613215
2023-10-10,0.0013897238732410498,1.4362967261940023
2023-10-11,0.0041074757639850855,1.4421962801867354
2023-10-12,-0.008805077094027641,1.4294976307549712
2023-10-13,0.0015672440421251876,1.4317380024000042
2023-10-16,0.008278456145295543,1.4435905826644255
2023-10-17,0.002421891527606912,1.4470868024659136
2023-10-18,-0.00813732608929224,1.4353113852747372
2023-10-19,-0.0016821671316291583,1.4328969516387748
2023-10-20,-0.00467045842532336,1.4262046659983734
2023-10-23,-0.006351426946913646,1.4171462312509373
2023-10-24,-0.0011406274596035995,1.4155297953452988
2023-10-25,0.0005015274805299007,1.4162397224371734
2023-10-26,0.001483833510192417,1.418341186395791
2023-10-27,-0.006826437075611508,1.4086589695351122
2023-10-30,0.0003270209905457623,1.4091196305866707
2023-10-31,0.002426332034075984,1.4125386226862084
2023-11-01,-0.0011946900254153905,1.4108510768831712
2023-11-02,0.01672367269389401,1.4344456885127932
2023-11-03,0.012927126203408468,1.4529889489601333
2023-11-06,-0.0034766036225844232,1.4479374823166034
2023-11-07,0.0011533442816190065,1.4496074527319749
2023-11-08,-0.004812352563711514,1.4426314305904449
2023-11-09,-0.0067484006825241916,1.4328959756596173
2023-11-10,0.009589638184710758,1.4466369296225212
2023-11-13,0.00046348363741316456,1.4473074221686788
2023-11-14,0.026190361728570533,1.4852129270877215
2023-11-15,0.0004928075790142927,1.4859448512746403
2023-11-16,-0.0007002265213849612,1.4849043532804624
2023-11-17,0.003767623845366941,1.4904989143299712
2023-11-20,0.006018079596655734,1.499468855435138
2023-11-21,-0.0025180732863085142,1.4956930829666153
2023-11-22,0.0024904637957791076,1.4994180524393408
2023-11-24,0.002785958174984421,1.5035953684202534
2023-11-27,0.00017956076213213046,1.5038653551505454
2023-11-28,0.003270515275179048,1.508783769766378
2023-11-29,0.001270494658434873,1.5107006714865996
2023-11-30,0.00026370500224459636,1.5110990508105646
2023-12-01,0.013815995486652688,1.5319763884764488
2023-12-04,-0.006359631863068621,1.522233582622825
2023-12-05,-0.003710661418063921,1.5165850891985053
2023-12-06,-0.001979007053957732,1.5135837566090544
2023-12-07,0.007619664319534092,1.5251167567539148
2023-12-08,0.000755264772361125,1.5262686237140288
2023-12-11,0.0008691793044180718,1.5275952248147435
2023-12-12,0.002742954173059642,1.5317853485113953
2023-12-13,0.020730040583918752,1.5635393209518886
2023-12-14,0.00900825381911266,1.5776240800111865
2023-12-15,-0.003595739713128432,1.5719513544543025
2023-12-18,0.004206087142703818,1.5785631188352287
2023-12-19,0.009346077234085981,1.5933164916627425
2023-12-20,-0.01343095234109204,1.5719167337989441
2023-12-21,0.011301122129241004,1.5896811567846036
2023-12-22,0.004314490344054511,1.5965398207856765
2023-12-26,0.007742171204608961,1.608900505413175
2023-12-27,0.002977346158000327,1.6136907591515717
2023-12-28,-0.002433023269961254,1.6097646119840345
2023-12-29,-0.006277527855217513,1.5996592697919614
2024-01-02,-0.007700258109661351,1.587341480527051
2024-01-03,-0.013437312653415578,1.5660118767654734
2024-01-04,-0.002504311491615102,1.5620900952264838
2024-01-05,0.00011263675237296867,1.562266043981724
2024-01-08,-0.0029610738704212163,1.5576400588202435
2024-01-09,-0.0046467145213560995,1.5504021501398775
2024-01-10,-0.0033914552523010284,1.545144030624607
2024-01-11,-0.0007232461995478167,1.5440265110767037
2024-01-12,0.003218456347679116,1.5489958930022634
2024-01-16,-0.006506497559288849,1.5389173550050956
2024-01-17,-0.007335418612846728,1.5276287519955585
2024-01-18,0.0003220737676022601,1.528120761143211
2024-01-19,0.0022405941900903,1.5315446596423847
2024-01-22,0.005150220085907364,1.539432451710939
2024-01-23,0.0020162511017192686,1.5425363340877234
2024-01-24,-0.0024550470962328153,1.5387493347398877
2024-01-25,0.004728392868467712,1.5460251461206311
2024-01-26,-0.0019678813776068393,1.5429827520262684
2024-01-29,0.01068003865018402,1.5594618674544762
2024-01-30,-0.0036436820623227395,1.5537796842211562
2024-01-31,-0.015268885027802714,1.5300552008642478
2024-02-01,0.0002869732656354704,1.5304942858018424
2024-02-02,0.003076069818870364,1.535202193082351
2024-02-05,-0.005791354339605065,1.5263112931992722
2024-02-06,0.001985658500092841,1.529342026192401
2024-02-07,0.003910445022540554,1.5353224341064868
2024-02-08,0.00359040965696204,1.5408348706004533
2024-02-09,0.006902353123406191,1.5514702569821957
2024-02-12,0.002799112294525119,1.5558129964531047
2024-02-13,-0.0210749454201343,1.52302432246892
2024-02-14,0.0024524868659881625,1.5267595196163555
2024-02-15,0.010716739368008866,1.5431214034657101
2024-02-16,-0.00599577876834409,1.533869188917833
2024-02-20,-0.005193696696174588,1.5259027375789866
2024-02-21,0.0030632942237302178,1.5305770266209866
2024-02-22,-0.0008504045170493523,1.5292754170038563
2024-02-23,0.0005859516590655975,1.530171498471618
2024-02-26,-0.0001280984015595398,1.5299754859485517
2024-02-27,0.00434223545818091,1.536618999753785
2024-02-28,-0.003268211880002897,1.5315970032837514
2024-02-29,0.006070902063735728,1.5408951786917982
2024-03-01,0.013489528432774234,1.561681128016686
2024-03-04,0.0026529121424248847,1.5658241308437972
2024-03-05,-0.007875166466398242,1.553493005156299
2024-03-06,0.006756794297016033,1.5639896378339933
2024-03-07,0.00977999806036084,1.579285453458434
2024-03-08,-0.003153223649515091,1.5743056132172537
2024-03-11,-0.0026667088771321623,1.5701073984631682
2024-03-12,0.0031968140547826707,1.5751267398620934
2024-03-13,0.00041452789008764035,1.5757796738261889
2024-03-14,-0.006640694658864715,1.5653154021626636
2024-03-15,0.0016819120327991105,1.5679481249726868
2024-03-18,6.515977974809185e-05,1.5680502921271664
2024-03-19,0.0027403056433759395,1.5723472291917797
2024-03-20,0.003719658084048582,1.5781958232737743
2024-03-21,0.004521881313627146,1.5853322374762804
2024-03-22,-0.005643703445026238,1.5763850924661242
2024-03-25,-0.00022640846216800958,1.5760281855415543
2024-03-26,-0.000912778153163929,1.5745896214450215
2024-03-27,0.010209406178121105,1.5906652464542075
2024-03-28,0.003503433346632223,1.5962380361219641
2024-04-01,0.0002925903164229804,1.5967050799140396
2024-04-02,-0.004650286908148726,1.5892799431847409
2024-04-03,0.0025901745664309145,1.5933964556725169
2024-04-04,-0.0017364846724661266,1.5906295471500798
2024-04-05,0.0047013084834673586,1.5981075873341501
2024-04-08,0.0008175990978277701,1.5994141986557864
2024-04-09,0.0003305656546348512,1.5999429100573972
2024-04-10,-0.0034124028500691073,1.5944832603111696
2024-04-11,0.0013188311395900766,1.5965861144864228
2024-04-12,-0.005938154008858858,1.587105340250197
2024-04-15,0.0007553858209932598,1.5883042171206445
2024-04-16,-0.0025550881928379844,1.5842459597688447
2024-04-17,-0.002165592471566002,1.5808151286452605
2024-04-18,0.0010245273474608406,1.5824347169758375
2024-04-19,0.0069284763073713005,1.5933985784203666
2024-04-22,-0.0006919178220833156,1.5922960775462753
2024-04-23,0.001209944278307917,1.5942226670746746
2024-04-24,-0.0005909249276378924,1.5932806011604947
2024-04-25,0.00047078924171556916,1.594030700526555
2024-04-26,-0.0013574161864387483,1.59186693745198
2024-04-29,0.003309165778264334,1.5971346890449465
2024-04-30,-0.018734662564144328,1.5672129095761997
2024-05-01,0.00016935195101386302,1.5674783201400904
2024-05-02,0.00935474075588108,1.582141673465465
2024-05-03,0.010400025257069817,1.5985959868297683
2024-05-06,0.011181491982503011,1.616470675039767
2024-05-07,-0.0002721857025776986,1.6160306948333851
2024-05-08,-0.002310151524614168,1.6122974190598924
2024-05-09,0.00848223996392583,1.625973312661577
2024-05-10,0.0010574044345758593,1.6276926240528875
2024-05-13,-0.0016639987423014146,1.6249841455736103
2024-05-14,0.007459263249612269,1.63710533009189
2024-05-15,0.013331136697754986,1.6589298050359682
2024-05-16,-0.003798025886410872,1.652629146692703
2024-05-17,0.004542492225833777,1.6601362017437409
2024-05-20,0.0035898805211720397,1.6660958923568732
2024-05-21,0.0004951277355043915,1.6669208226431889
2024-05-22,-0.007474706242430351,1.6544610791645409
2024-05-23,-0.012039279768773725,1.6345425593659317
2024-05-24,0.007018299508692316,1.6460142686072663
2024-05-28,0.0013227394715809302,1.6481915166511385
2024-05-29,-0.006106329732229564,1.638127115788603
2024-05-30,0.003948867228560983,1.6445958622723578
2024-05-31,0.005621847956714843,1.6538415301602956
2024-06-03,-0.006628460683572656,1.6428791066007684
2024-06-04,-0.006058770739888409,1.6329252787405217
2024-06-05,0.014697473679971696,1.656925155046171
2024-06-06,-3.526972567283182e-05,1.6568667157504922
2024-06-07,-0.012380786705464053,1.6363534023434025
2024-06-10,0.004931687154251407,1.644423385397555
2024-06-11,0.0021775661805888413,1.648004226148166
2024-06-12,0.009830834555626888,1.6642054830424025
2024-06-13,-0.002363503921054194,1.6602721268577918
2024-06-14,0.0007134006355154765,1.6614565660482206
2024-06-17,0.005855046313632789,1.6711844711905224
2024-06-18,0.0021509678512139363,1.6747791352615011
2024-06-20,-0.0005435919156001889,1.6738687388631572
2024-06-21,-0.0043154804112792156,1.6666451911095406
2024-06-24,-0.0015838195834963487,1.6640055258171214
2024-06-25,0.0017610471335859634,1.666935917978633
2024-06-26,-0.0021394030626457894,1.6633696701704752
2024-06-27,0.006410784558342653,1.6740331747668193
2024-06-28,-0.0012313050588056151,1.6719719292501205
2024-07-01,-0.0008882118127660709,1.6704868640319472
2024-07-02,0.0005497380071417758,1.6714051941515367
2024-07-03,0.0005526751550998521,1.6723289382764492
2024-07-05,0.006130842659857821,1.6825817238725493
2024-07-08,-0.0004625209125459495,1.6818034946381906
2024-07-09,-0.00020446601511514562,1.6814596229794352
2024-07-10,0.008440911169012022,1.695652674291285
2024-07-11,0.005781230313114449,1.7054556329324113
2024-07-12,0.005807952347017531,1.7153608379784355
2024-07-15,0.006916698336035476,1.7272254714321815
2024-07-16,0.0150890992115017,1.7532877479312547
2024-07-17,-0.01462060767441839,1.7276536156283873
2024-07-18,-0.009536524255590123,1.7111778050176891
2024-07-19,-0.009633743484404544,1.6946927569879424
2024-07-22,-0.00024785489121643733,1.694272719099014
2024-07-23,0.0021614555136082628,1.6979348142092665
2024-07-24,-0.0013936238453725542,1.6955685317642963
2024-07-25,0.004585522437196116,1.703343599310505
2024-07-26,0.004700932017005022,1.7113509017724644
2024-07-29,-0.003498863952731724,1.7053631177917778
2024-07-30,0.008020493793345728,1.7190409720934274
2024-07-31,-3.077631284976762e-05,1.7189880663506687
2024-08-01,-0.018686405215302387,1.686866358782571
2024-08-02,-0.012319391503265987,1.6660851916950397
2024-08-05,-0.010506630224432961,1.6485802506634963
2024-08-06,0.0027134200834863006,1.6530535414248857
2024-08-07,0.0007602009448046288,1.6543101942888896
2024-08-08,0.008310540213391946,1.6680584056839514
2024-08-09,0.00010517269158298324,1.668233839876195
2024-08-12,0.0013211733147795723,1.6704378659082515
2024-08-13,-0.0025277396730246705,1.6662154338432726
2024-08-14,-0.0028198270187704375,1.661516994543829
2024-08-15,0.017868998157158533,1.6912066386574203
2024-08-16,0.007139098236929653,1.7032803289897434
2024-08-19,0.00832221022463872,1.7174553859590878
2024-08-20,-0.0029295144341319745,1.712424075615943
2024-08-21,0.004947637285281498,1.7208965288206741
2024-08-22,-0.011124156905365612,1.7017530058161738
2024-08-23,0.016239762444406503,1.729389070369683
2024-08-26,-0.0021463142814921454,1.7256772579096922
2024-08-27,-0.00017246660843028838,1.7253796362057752
2024-08-28,-0.007736380081525995,1.7120314435551622
2024-08-29,0.006205608104555849,1.7226556397565427
2024-08-30,0.0004894635300845107,1.723498816867098
2024-09-03,-0.0069430843075776,1.7115324192775794
2024-09-04,-0.003092672904186084,1.7062392093398435
2024-09-05,-0.002422608397219478,1.7021056599036317
2024-09-06,-0.005088846009016041,1.6934439063093074
2024-09-09,0.003125837726297731,1.698737337159018
2024-09-10,-0.0052547526774826886,1.6898108925882418
2024-09-11,-0.004255991311003511,1.6826190721121472
2024-09-12,0.004387400814650344,1.6900013963998781
2024-09-13,0.010978576739957047,1.7085552064208889
2024-09-16,0.00014313847053656903,1.7087997663999632
2024-09-17,0.0009193783564039326,1.7103707999206192
2024-09-18,-0.0037058504909514567,1.7040324214520244
2024-09-19,0.01962159054812551,1.7374682479064867
2024-09-20,-0.0004092936640418543,1.7367571131611446
2024-09-23,0.0008585721011444281,1.738248244364969
2024-09-24,0.005832489605569646,1.7483865591821275
2024-09-25,-0.003714315159402487,1.7418925004808619
2024-09-26,0.005473342797175151,1.7514264752518223
2024-09-27,-0.0020451476469028063,1.7478445495172377
2024-09-30,0.0003153514652145806,1.7483957348568953
2024-10-01,0.0056283388022881735,1.7582362984131454
2024-10-02,0.0025910473907452937,1.7627919719864626
2024-10-03,0.0024599850428489727,1.7671284138712038
2024-10-04,0.005223547980292675,1.7763590939283984
2024-10-07,-0.0009044950949890438,1.774752385841001
2024-10-08,-0.007247576921170707,1.761889731408587
2024-10-09,0.0014054268829058305,1.7643659386018244
2024-10-10,0.0014616776301825175,1.7669448728257349
2024-10-11,0.007722689114099335,1.7805904387603197
2024-10-14,0.005476835081846282,1.7903424389417224
2024-10-15,-0.004215177926889385,1.7827958270115218
2024-10-16,0.00648066129451319,1.794349522923655
2024-10-17,0.0010080449656169332,1.7961583079267953
2024-10-18,0.0047352460918395345,1.8046635595347307
2024-10-21,-0.0039130956671976636,1.7976017383791658
2024-10-22,0.001891036077564523,1.8010010681195336
2024-10-23,-0.002104149937872973,1.7972114918339408
2024-10-24,0.000591622889468968,1.7982747632897262
2024-10-25,-0.0013960902772303216,1.7957642093769088
2024-10-28,0.002429954456381277,1.8001278346200942
2024-10-29,-0.0030944726035342933,1.7945573883530026
2024-10-30,0.001996222621354693,1.7981397244069524
2024-10-31,-0.0018184020992623824,1.7948699833573236
2024-11-01,-0.0007505511635795551,1.7935228416028408
2024-11-04,0.003183267946650736,1.7992321053761011
2024-11-05,0.002858581552343486,1.8043753570809133
2024-11-06,0.01979338852053968,1.8400900595605034
2024-11-07,0.00900298261453325,1.8566563583759021
2024-11-08,0.0015229286772183714,1.8594839135878125
2024-11-11,-0.0020168849085895613,1.8557335485447322
2024-11-12,-0.007772569424809028,1.841309730704721
2024-11-13,-0.005194630553991303,1.831744806918241
2024-11-14,-0.00736803339727532,1.8182484500055818
2024-11-15,-0.013331052651814917,1.7940092841844766
2024-11-18,0.004592332853182518,1.8022479719591513
2024-11-19,-0.0005839956785923861,1.8011954669317753
2024-11-20,0.0032843357106281776,1.807111197525641
2024-11-21,0.006482841106168225,1.818826412280377
2024-11-22,0.006863077313608178,1.83130915856789
2024-11-25,-0.0024205550154579977,1.8268763739992644
2024-11-26,0.001296472221030437,1.8292448684694114
2024-11-27,-0.001827345676386788,1.825902205767961
2024-11-29,0.0068604126809199695,1.8384286484145314
2024-12-02,0.0008574745515647075,1.840005054195414
2024-12-03,-0.00039299729749808776,1.8392819371817324
2024-12-04,0.006297232458871649,1.8508643230975697
2024-12-05,-0.0058698734911948325,1.839999983671621
2024-12-06,0.003696496090932866,1.8468015364185797
2024-12-09,-0.002009916152249547,1.8430896201805327
2024-12-10,0.0005787144798890531,1.8441562428314642
2024-12-11,0.0015954167797698645,1.8470984406457949
2024-12-12,-0.009916474124051649,1.8287817367545547
2024-12-13,-0.003978213349929094,1.8215064528352911
2024-12-16,-0.004523966440594735,1.8132660187713376
2024-12-17,-0.003871566589163016,1.806245838635798
2024-12-18,-0.012224188144004484,1.7841659496699889
2024-12-19,-0.0012985515252433191,1.7818491182547578
2024-12-20,0.0040306191098573585,1.7890310733616779
2024-12-23,-0.0001640185382331572,1.7887376391001715
2024-12-24,0.0032845717055948625,1.7946128761382927
2024-12-26,0.0024326298713135074,1.7989785050282305
2024-12-27,-0.0024911045113187756,1.7944970615585893
2024-12-30,-0.0006654963447962343,1.7933028303233747
2024-12-31,0.005299783489781429,1.8028069470557009
2025-01-02,0.005888677951801046,1.8134230965761815
2025-01-03,0.0011480568895144594,1.8155050094558103
2025-01-06,-0.0036179382739017054,1.80893662439564
2025-01-07,0.004122456747210424,1.8163938873881558
2025-01-08,0.0010855544320520216,1.8183656818229623
2025-01-10,-0.000855930740325755,1.8168092867387367
2025-01-13,0.004227796079051416,1.8244903859175947
2025-01-14,0.005269341046519299,1.83410424799709
2025-01-15,0.006965369687084877,1.8468794621290423
2025-01-16,0.004170580958608894,1.8545820224466438
2025-01-17,0.0012104899856599793,1.8568269754124005
2025-01-21,0.012327243602769922,1.8797165338665036
2025-01-22,0.004253839531592751,1.8877125463664535
2025-01-23,0.0026811668797430133,1.8927738187242467
2025-01-24,-0.0012856210136941715,1.8903404289287244
2025-01-27,-0.015810207209710547,1.860453755050468
2025-01-28,0.008283100621043371,1.875864080704349
2025-01-29,-0.003123686066032194,1.8700044702136824
2025-01-30,0.00873538114892547,1.8863396720111933
2025-01-31,-0.0059315770145138445,1.875150702971126
2025-02-03,0.0016952968382352167,1.8783296400290879
2025-02-04,0.0046910429982757965,1.8871409651354003
2025-02-05,0.0035037515077665613,1.8937530381373613
2025-02-06,0.0005939160026092627,1.8948777683717009
2025-02-07,-0.00789309098745386,1.8799213257358396
2025-02-10,0.010086966740588676,1.8988840296234604
2025-02-11,-0.002771583840056352,1.893621113332815
2025-02-12,-0.0027007055563545435,1.8885070002704065
2025-02-13,0.011518784291223938,1.9102603050389877
2025-02-14,-0.002868513507493009,1.9047806975511556
2025-02-18,0.006812773194745159,1.9177575364293002
2025-02-19,-6.14298586545381e-05,1.9176397288549036
2025-02-20,-0.004367907360639467,1.9092636561681835
2025-02-21,-0.016896726212294044,1.877003350902826
2025-02-24,0.0013406669892843004,1.8795197873341576
2025-02-25,-0.005029598107817057,1.870066558168177
2025-02-26,-0.0008351943530828134,1.868504689138906
2025-02-27,0.001605674818181696,1.8715049000659107
2025-02-28,0.004384264411706341,1.8797100723956035
2025-03-03,-0.0083038691741806,1.864101205869041
2025-03-04,-0.0065754842382169,1.851843837771408
2025-03-05,-0.004216592663961949,1.844035366630258
2025-03-06,-0.0014853390486340764,1.8412963488931398
2025-03-07,0.0016032760262004345,1.8442484551864504
2025-03-10,-0.0015255691455534509,1.8414349266464833
2025-03-11,-0.0003081948317292917,1.840867405919125
2025-03-12,0.001360014945683008,1.8433710131041956
2025-03-13,0.0014364641870463326,1.846018949547959
2025-03-14,0.008795778943236549,1.8622561241532085
2025-03-17,0.005529623808081413,1.8725536999540713
2025-03-18,0.002649550764686248,1.8775151260417007
2025-03-19,0.00605670766071027,1.888886686288697
2025-03-20,-0.003577418474366278,1.8821293481611834
2025-03-21,-0.0026541561964486537,1.8771338828892437
2025-03-24,0.015069723685293052,1.9054217718246858
2025-03-25,0.001739184815475775,1.9087356524373202
2025-03-26,-0.010330935124825497,1.8890166282415488
2025-03-27,-0.0009832563129788254,1.8871592407165083
2025-03-28,-0.014946335286746004,1.8589531259652783
2025-03-31,0.00418736046721756,1.8667372327953557
2025-04-01,0.0003074869387652225,1.867311230112547
2025-04-02,0.0022931347168648527,1.8715932263215096
2025-04-03,-0.026403276277972242,1.8221770332869613
2025-04-04,0.0005850111213217661,1.8232430271164513
2025-04-07,-0.013794092668488899,1.7980930438432308
2025-04-08,-0.00586264918873044,1.7875514551184812
2025-04-09,0.01342948523757521,1.811557350996401
2025-04-10,-0.009285634749243866,1.7947358911077407
2025-04-11,0.0037474991124035735,1.8014616622666657
2025-04-14,-0.000882651673458057,1.7998715991157956
2025-04-15,0.004825443915856353,1.8085567785730716
2025-04-16,-0.0008164112150817243,1.8070802525359326
2025-04-17,-0.002070044957599393,1.803339515171193
2025-04-21,-0.006354367339779664,1.791880433453455
2025-04-22,-0.00046533732690865495,1.7910466046024118
2025-04-23,0.0035344444564584633,1.7973769593453075
2025-04-24,0.010458475588436688,1.816174782397839
2025-04-25,0.0019849566071793666,1.8197798105319523
2025-04-28,0.002981452025261011,1.8252053967335917
2025-04-29,0.002280227496521614,1.8293672802660235
2025-04-30,-0.002263631910267461,1.8252262661148142
2025-05-01,-0.0018750518264770255,1.8218038722708016
2025-05-02,0.0023479141976278095,1.8260813114477994
2025-05-05,0.002529838097422177,1.8307010015184906
2025-05-06,-0.00013597162691925124,1.8304520781249114
2025-05-07,0.0004731126357952475,1.8313180881322901
2025-05-08,0.011528853034877485,1.85243108523048
2025-05-09,0.0010628910688225803,1.854400017686581
2025-05-12,0.020088679673913746,1.8916524656291864
2025-05-13,0.007439915664016861,1.9057262004390971
2025-05-14,-0.0009046629703363671,1.90400216051396
2025-05-15,0.00394531340348816,1.9115140457581061
2025-05-16,0.004555078407283996,1.9202211421131592
2025-05-19,-0.002820000778831111,1.914806116996872
2025-05-20,0.003013259050364775,1.9205759238586069
2025-05-21,-0.01286104269312649,1.8958753149064704
2025-05-22,-0.002038000112250404,1.8920115208018782
2025-05-23,0.003189230218450601,1.8980455811176762
2025-05-27,0.0022971109162213564,1.9024056023415472
2025-05-28,-0.003814514414890618,1.8951488487484467
2025-05-29,0.0019946073301900014,1.8989289265339615
2025-05-30,-0.0030319266874871075,1.893171513243962
2025-06-02,0.004974094888224428,1.902588327990521
2025-06-03,0.005100832062930538,1.912293111536492
2025-06-04,0.0015347334849382388,1.9152279718077838
2025-06-05,-0.004244513057403254,1.9070987616735418
2025-06-06,0.005697265735434887,1.9179640101025146
2025-06-09,0.003495488600165131,1.9246682314353551
2025-06-10,0.0044917740166568465,1.9333134061880013
2025-06-11,-0.0012279279138225907,1.9309394366903758
2025-06-12,0.003690834349941441,1.938066214290969
2025-06-13,-0.0072289892168009295,1.9240559545264133
2025-06-16,-0.0010864611689310466,1.9219655424449698
2025-06-17,-0.007178961769939996,1.9081678252926153
2025-06-18,-0.00118072201782492,1.9059148095275873
2025-06-20,0.0023897519724696897,1.910469473203015
2025-06-23,-0.003451493130496031,1.9038755009402324
2025-06-24,0.005742366612230559,1.914808252050675
2025-06-25,-0.001375615619397419,1.9121742119110032
2025-06-26,0.008073943023285873,1.9276129975485692
2025-06-27,-0.002351702598170635,1.9230798250539667
2025-06-30,0.006170342447973931,1.9349458861293396
2025-07-01,0.002614440886804764,1.9400046877677908
2025-07-02,0.0077196903727085875,1.9549809232789612
2025-07-03,0.005043376710461733,1.9648406285368232
2025-07-07,-0.007313282683126615,1.9504711935930412
2025-07-08,-0.0008779957971158936,1.9487586880826708
2025-07-09,0.0070985658439124966,1.962592079943922
2025-07-10,0.0021874663952129447,1.9668851841663102
2025-07-11,-0.00248858268254179,1.961990427758446
2025-07-14,0.0021501511743111656,1.966209003780678
2025-07-15,-0.006772972869786176,1.9528919235417423
2025-07-16,0.0002599694455072907,1.953399615772241
2025-07-17,0.006189982456555348,1.9654911251245133
2025-07-18,-0.0015483505833105704,1.962447855794435
2025-07-21,-0.002264590258895588,1.9580037154966123
2025-07-22,0.0036403803742200034,1.9651315937951561
2025-07-23,0.0038851540276658605,1.9727664327216827
2025-07-24,-0.004366717912055174,1.9641519182036156
2025-07-25,0.0002735422414900379,1.9646891967219482
2025-07-28,-0.0011895800991974237,1.9623520415524196
2025-07-29,-0.0019541481656413784,1.9585173149100774
2025-07-30,-0.005566841048493254,1.9476145603272512
2025-07-31,-0.003049785524990717,1.941674753632904
2025-08-01,-0.005100815324870883,1.9317706292936585
2025-08-04,0.002180514588096588,1.9359828833316899
2025-08-05,-0.0015895201503117573,1.9329055995279756
2025-08-06,-0.004140294452767812,1.9249028011965261
2025-08-07,0.0018300822650760995,1.9284255316749912
2025-08-08,0.0015897736030287934,1.9314912916806548
2025-08-11,-0.0049845118735464935,1.921863750403621
2025-08-12,0.012999540100013057,1.9468470952937544
2025-08-13,0.006604006520364525,1.959704086205227
2025-08-14,-0.004977294529563442,1.9499500617773948
2025-08-15,-0.0027540247012893815,1.944579851140979
2025-08-18,0.0003692251122167367,1.945297838854731
2025-08-19,-0.008035679114582445,1.9296660496394036
2025-08-20,-0.0005021998163117769,1.9286969717037317
2025-08-21,-0.0024067705451404076,1.9240550406417336
2025-08-22,0.009399816998129229,1.9421408059180942
2025-08-25,-0.00019840083183801367,1.9417554835666535
2025-08-26,0.00194808288276041,1.945538184186696
2025-08-27,0.00312989444404731,1.9516275133400638
2025-08-28,0.004601797033504218,1.9606085070414572
2025-08-29,-0.0030835799077910953,1.9545628140420999
2025-09-02,0.0006129359046224414,1.9557608357686662
2025-09-03,0.005033935880745077,1.9656060104139979
2025-09-04,0.0025619196661948174,1.970641735108068
2025-09-05,0.004120035167306374,1.9787608483588748
2025-09-08,0.00518535677340759,1.9890214293268664
2025-09-09,-0.0007502593297627203,1.987529147442416
2025-09-10,0.0012592519255609225,1.9900319473484414
2025-09-11,0.007780687883019138,2.0055157648079964
2025-09-12,-0.0010404649204753535,2.0034290960072534
2025-09-15,0.007130831218374656,2.017715210748862
2025-09-16,-0.0004655467168359073,2.0167758700569878
2025-09-17,-0.002098360996957732,2.012543946231655
2025-09-18,0.00864748640656443,2.0299473926493063
2025-09-19,0.0036831552546925106,2.0374240040552922
2025-09-22,0.008440127107085305,2.0546201216205455
2025-09-23,-0.0025625104622105654,2.0493551360630247
2025-09-24,-0.006235380039423921,2.0365766279539264
2025-09-25,-0.0035802235152802286,2.0292852284198557
2025-09-26,0.0033007376653811818,2.0359833666071028
2025-09-29,0.006174557531117108,2.048554663036616
2025-09-30,0.004113312936690761,2.0569810094336027
2025-10-01,0.0029925946539133275,2.063136719805635
2025-10-02,0.0020223993509498883,2.067309206168691
2025-10-03,0.00280642749321125,2.073110959561851
2025-10-06,0.008482180979146714,2.090695461910707
2025-10-07,-0.0036376752577736426,2.083090190757375
2025-10-08,0.011100683487352658,2.106213915640582
2025-10-09,-0.0072511615511500205,2.0909414182769916
2025-10-10,-0.020396922021896302,2.0482926492160427
2025-10-13,0.009350379884301329,2.0674449636004346
2025-10-14,0.004657641654627398,2.0770743813815495
2025-10-15,0.009557782914528957,2.096926607416124
2025-10-16,-0.0020445315125208197,2.0926393748878183
2025-10-17,-0.003326745453981761,2.085677696360587
