,0,1,2,3
0,0.00049987173,0.0003770899,0.00023420455,0.9988888
1,0.00010824354,0.0005382914,0.00021096042,0.9991425
2,0.00046450068,0.022728369,0.00088592304,0.9759212
3,0.00017651203,0.0010310609,0.00034305267,0.9984493
4,0.00022465055,0.0010106257,0.00044540767,0.9983193
5,0.00018262537,0.001265254,0.0003543418,0.99819785
6,0.00012263552,0.00087765564,0.00024881118,0.9987509
7,0.00013819618,0.0009875527,0.00032394766,0.99855024
8,0.00022603564,0.0022660317,0.00044815408,0.99705976
9,0.00014866941,0.0013353196,0.00028355102,0.99823254
10,0.00027888786,0.0021760024,0.0006376324,0.99690753
11,0.00013058084,0.0016591868,0.00026745556,0.99794275
12,0.00010751452,0.0006545937,0.00020872588,0.99902916
13,0.000101884536,0.0008743329,0.00016838436,0.99885535
14,0.00019191825,0.0012138326,0.00037399126,0.99822026
15,8.493711e-05,0.0005322785,0.00015620523,0.99922657
16,0.00028907906,0.004892174,0.0005196451,0.99429905
17,0.003913629,0.087343276,0.00650195,0.9022412
18,0.0010476008,0.9817901,0.002037686,0.015124605
19,0.00043965448,0.0028244834,0.0007448243,0.99599105
20,0.00014493993,0.0009509722,0.00035426213,0.99854976
21,0.00027290476,0.004443106,0.0006902081,0.9945938
22,0.0033033614,0.80331683,0.11817653,0.07520326
23,0.0016164657,0.99179685,0.003648366,0.0029382564
24,0.006190694,0.14582299,0.014805105,0.83318126
25,0.0005575206,0.9965888,0.0009501507,0.0019035635
26,0.00075520563,0.99671704,0.0012752757,0.001252492
27,0.0002635219,0.9987734,0.0004043254,0.00055871025
28,0.00023391249,0.9986713,0.00033608987,0.0007587581
29,0.00023234278,0.99847084,0.00044972834,0.0008470902
30,0.0002636752,0.99878746,0.0005383511,0.00041051628
31,0.0004322081,0.9982383,0.00063859805,0.00069087907
32,0.00023204733,0.9989907,0.00041421028,0.00036305076
33,0.00034109995,0.99776804,0.0005260819,0.0013647636
34,0.0004080655,0.9982097,0.0006925456,0.0006897026
35,0.00012259149,0.9994373,0.00025562005,0.00018447301
36,0.00022784933,0.99892443,0.00045423646,0.00039345733
37,0.00016733972,0.99922836,0.00033325306,0.00027108195
38,0.0001643267,0.9992436,0.00032386172,0.00026824357
39,0.00011021762,0.9995352,0.00017462832,0.000179917
40,8.384319e-05,0.99960345,0.00017291242,0.00013983231
41,0.00010403001,0.9995524,0.00015128542,0.00019226567
42,0.00012037882,0.99949574,0.00018732647,0.00019650413
43,0.00022715807,0.9988939,0.00042277738,0.00045613715
44,0.00014849185,0.99927455,0.00029486386,0.00028212066
45,0.00031620893,0.99781215,0.0005145222,0.0013570852
46,0.020063445,0.978182,0.00048288834,0.0012716881
47,0.99824107,0.0015383856,7.584771e-05,0.00014466204
48,0.0011521393,0.99758244,0.0004957367,0.00076971087
49,0.99896145,0.0007146363,9.901764e-05,0.00022491833
50,0.0061456617,0.9928784,0.00049943576,0.00047655066
51,0.9988655,0.00097220077,6.924595e-05,9.306667e-05
52,0.52637833,0.06215558,0.40583766,0.005628399
53,0.002845515,0.009570562,0.92782134,0.05976255
54,0.35996243,0.0032677238,0.6342876,0.0024822834
55,0.91966665,0.00038894554,0.07907359,0.0008708337
56,0.65242004,0.0018960737,0.34409174,0.0015921533
57,0.0010855384,0.0028122617,0.9913238,0.0047783353
58,0.00060120295,0.0011563541,0.9957854,0.0024569994
59,0.00060633576,0.0010981517,0.6497383,0.34855723
60,0.000612541,0.0019060243,0.993447,0.004034409
61,0.0009284508,0.0033234851,0.9486392,0.0471088
62,0.0014230117,0.0039758855,0.7895954,0.2050057
63,0.00055665436,0.0017294752,0.99565923,0.0020547137
64,0.00031662476,0.00074297737,0.9985567,0.00038367359
65,0.00028275722,0.0007830837,0.99856323,0.0003709153
66,0.00039050757,0.0009133222,0.9982261,0.00047002206
67,0.00041023607,0.001972631,0.9970944,0.0005227939
68,0.00060653826,0.007075314,0.9915452,0.00077295623
69,0.00071458536,0.014760535,0.9775621,0.006962818
70,0.00048091667,0.33936447,0.65956163,0.0005929816
71,0.00022459135,0.97154206,0.027954033,0.00027935626
72,0.00016117029,0.9900782,0.009553565,0.0002070255
73,0.000104086546,0.9940006,0.0057691187,0.00012612803
74,0.0001555091,0.9861674,0.013488722,0.0001884397
75,0.0002203073,0.99212545,0.007376489,0.00027783212
76,0.00013150432,0.9974124,0.002296779,0.00015935166
77,0.0013459328,0.7762594,0.22076367,0.0016309483
78,0.0021805083,0.26476738,0.7304099,0.002642254
79,0.0013085058,0.15808965,0.83902776,0.0015740962
80,0.00092581444,0.0066520455,0.98881286,0.003609231
81,0.0012105919,0.2345159,0.7626499,0.0016236297
82,0.020439442,0.0354581,0.9414283,0.0026741982
83,0.07633396,0.061561488,0.8552118,0.006892809
84,0.024480568,0.0131833935,0.9602664,0.0020696633
85,0.0006861955,0.0015809755,0.99239254,0.005340252
86,0.00050802145,0.0009052662,0.9966865,0.0019001606
87,0.0005045378,0.00091453263,0.9978923,0.00068863033
88,0.00019022521,0.00036620616,0.9989028,0.0005407072
89,0.0002475949,0.00046833046,0.9989249,0.00035914013
90,0.0002786394,0.0004965077,0.99885106,0.00037383378
91,0.0003621066,0.0011248752,0.9946885,0.003824566
92,0.00046229773,0.0067850277,0.9921312,0.00062148203
93,0.0023582624,0.01612327,0.92387,0.057648424
94,0.0006603884,0.012226727,0.9779628,0.0091501195
95,0.001234146,0.013162057,0.90195876,0.08364504
96,0.0013059371,0.01483544,0.9332204,0.050638285
97,0.0003483634,0.004056237,0.9941399,0.0014555404
98,0.0007859423,0.06845635,0.9296737,0.0010840186
99,0.0005118431,0.011937682,0.9868355,0.0007149553
100,0.0005742492,0.027841663,0.9707819,0.00080212526
101,0.0010025227,0.35816786,0.6394762,0.0013534721
102,0.001397851,0.77800727,0.21890406,0.0016908273
103,0.00020500315,0.9774219,0.02197184,0.00040128172
104,0.008779407,0.12751654,0.19092938,0.6727747
105,0.0014969468,0.7776019,0.21560955,0.005291604
106,0.0025914845,0.24234655,0.73885095,0.016211003
107,0.0010483848,0.16184466,0.83246636,0.0046406076
108,0.0021201938,0.15498091,0.8333947,0.009504138
109,0.0007359149,0.28185064,0.71538067,0.0020327673
110,0.00041044437,0.050305583,0.9486655,0.0006184925
111,0.0010367124,0.40296146,0.59472185,0.0012799364
112,0.000289079,0.9292523,0.07011801,0.00034055495
113,0.0004743577,0.8859021,0.11306743,0.0005561173
114,0.00013749515,0.9978757,0.0017976739,0.00018914818
115,0.00034207682,0.9986946,0.0004906861,0.00047270575
116,0.00020254393,0.9991984,0.00031587097,0.00028323484
117,0.0004046797,0.9983901,0.00063110533,0.00057417573
118,0.0006140274,0.9974037,0.0009297768,0.0010524971
119,0.00044403374,0.9980794,0.0007110901,0.0007654671
120,0.00032399816,0.9986754,0.0005170874,0.00048346535
121,0.0002851678,0.998879,0.00042936858,0.00040647553
122,0.00018646747,0.9992448,0.0002804028,0.0002883884
123,0.0001950506,0.9990239,0.00027606986,0.0005049924
124,0.000129221,0.99951637,0.0001853588,0.00016907768
125,0.00010516647,0.99960476,0.00014885006,0.00014128529
126,0.00018156358,0.9992643,0.00026700107,0.00028713574
127,7.683731e-05,0.99970573,0.00010639274,0.000110955436
128,0.00010688851,0.99957687,0.00015544253,0.00016084367
129,0.00028392018,0.99864596,0.00041746977,0.00065263134
130,0.007986416,0.39687166,0.013051206,0.5820907
131,0.003651317,0.5569022,0.00763857,0.43180788
132,0.00052221614,0.9937504,0.001035129,0.0046922443
133,0.00039794325,0.9959699,0.0008209106,0.0028112223
134,0.0008563527,0.8360907,0.0022360727,0.16081692
135,0.0011225268,0.85824066,0.0024690141,0.13816784
136,0.0010199755,0.99474525,0.0021956202,0.0020391943
137,0.0007348881,0.9962399,0.0016263409,0.0013988597
138,0.00087271875,0.9957266,0.0017817949,0.0016189456
139,0.00048772804,0.99788684,0.000772056,0.0008534202
140,0.00032557783,0.99856204,0.0005225643,0.0005898619
141,0.00018008045,0.9991455,0.00028354145,0.00039087844
142,0.00010156274,0.99954706,0.00016490543,0.0001864538
143,0.00013238196,0.99936885,0.0002557969,0.00024303346
144,0.00013987428,0.99928004,0.00028757355,0.00029248348
145,0.0007667617,0.992547,0.0016375213,0.0050487933
146,0.00039759034,0.9964399,0.00080194994,0.0023605283
147,0.00048288223,0.9966156,0.0010205974,0.0018809292
148,0.00030468788,0.99835277,0.0007012625,0.00064132136
149,0.00057464436,0.9959512,0.0012206786,0.0022535215
150,0.0007580591,0.9954242,0.001552722,0.0022650359
151,0.00055666757,0.9974976,0.0008714807,0.0010742533
152,0.0001933057,0.999132,0.00030753366,0.00036726313
153,9.886246e-05,0.99959654,0.00014324608,0.00016138107
154,0.00016522792,0.9992836,0.00027189645,0.00027926403
155,0.00016544931,0.9992969,0.0002482336,0.00028935805
156,0.00013146657,0.99942625,0.00019902858,0.00024322851
157,0.00011993819,0.99949646,0.00017378361,0.00020976263
158,0.00015138958,0.999332,0.00023513043,0.00028147813
159,0.00018837932,0.9991879,0.00028546664,0.0003382766
160,0.00012997934,0.9994444,0.00019018682,0.00023537227
161,0.00016250959,0.9992849,0.00023895041,0.0003136098
162,0.00018534166,0.9992229,0.00025612031,0.0003356248
163,0.00017756691,0.99925035,0.0002719764,0.00030011934
164,0.00031620197,0.99785113,0.0006363123,0.0011963889
165,0.0011325779,0.9907566,0.0022791561,0.005831716
166,0.00043618196,0.9978618,0.000877075,0.00082493626
167,0.00026706027,0.99789906,0.0005193823,0.0013145381
168,0.00017981352,0.99904984,0.00044042344,0.00032989733
169,0.00026191774,0.9987575,0.0005126193,0.00046800796
170,0.00020831509,0.9988513,0.00031897888,0.00062139286
171,0.00025539327,0.9988801,0.0004178437,0.0004466633
172,0.00029830128,0.9987394,0.0004754084,0.0004869412
173,0.00020233671,0.9991485,0.00029506124,0.00035404615
174,0.00020653594,0.9991142,0.00033016782,0.00034908176
175,8.658833e-05,0.9996451,0.00012719906,0.00014108983
176,0.00016387485,0.9993424,0.0002266631,0.000267023
177,9.927083e-05,0.9996074,0.00014494435,0.00014842548
178,0.00014691397,0.99941766,0.00021581778,0.00021965944
179,0.00023223105,0.99910307,0.00037382756,0.00029084884
180,0.00024098481,0.99861,0.00036273248,0.00078628294
181,0.00014660919,0.999401,0.00022067748,0.00023174226
182,0.0004887649,0.99787617,0.00078500254,0.0008500847
183,0.00065164047,0.9962011,0.0013163543,0.0018308836
184,0.00023069874,0.9990119,0.00036990293,0.0003875226
185,0.00018200555,0.9991856,0.00032660834,0.00030572887
186,0.00023394651,0.99887556,0.0004974541,0.00039297776
187,0.00062454084,0.9969529,0.0014021521,0.0010203745
188,0.00040247056,0.9981331,0.0007001554,0.00076424197
189,0.00037115248,0.9982621,0.00075984595,0.00060689513
190,0.00016987146,0.99921167,0.00033719276,0.00028126236
191,8.945123e-05,0.9996094,0.00016653666,0.00013460426
192,0.000114679446,0.9995254,0.00017366273,0.00018629566
193,9.419269e-05,0.99961984,0.00013767401,0.00014823226
194,8.796487e-05,0.9996362,0.00013736323,0.00013843147
195,8.4204024e-05,0.99962723,0.00013192788,0.00015660176
196,0.00012410241,0.9994617,0.00019701984,0.00021715277
197,9.1852446e-05,0.9996196,0.00013853508,0.00014993806
198,8.8415116e-05,0.9996413,0.00012287461,0.00014745728
199,0.0001425066,0.9994116,0.00020829841,0.00023766997
200,0.00012552245,0.9994723,0.00017785448,0.00022429011
201,0.00011998395,0.9994822,0.00017439041,0.0002234245
202,9.5590505e-05,0.9995641,0.00016611148,0.00017422251
203,0.00013445264,0.9994456,0.0002008448,0.00021908148
204,0.00012019535,0.9994906,0.00018159708,0.00020755698
205,8.815031e-05,0.99960965,0.00015318234,0.00014898955
206,9.483896e-05,0.99959403,0.000139375,0.00017173855
207,0.00011299013,0.9995395,0.00016346553,0.0001841096
208,0.00013146533,0.9994692,0.00019455518,0.0002048303
209,8.941624e-05,0.9996339,0.00015245444,0.00012419543
210,6.289658e-05,0.9997389,0.00010421208,9.400037e-05
211,8.066102e-05,0.9996555,0.00016298093,0.00010087725
212,9.640224e-05,0.9995085,0.000232316,0.00016278082
213,0.000114811424,0.9994035,0.00025290874,0.00022885954
214,9.200381e-05,0.99950576,0.0002504539,0.00015179631
215,0.0001565159,0.9991773,0.0003931754,0.0002730136
216,0.000121876765,0.99934083,0.00033177438,0.00020549227
217,8.0350466e-05,0.9996383,0.00013708543,0.00014428684
218,0.00036949804,0.9935824,0.000685991,0.005362084
219,0.00016262224,0.9990682,0.00034928016,0.00041991676
220,0.00023609963,0.9986607,0.0005327233,0.00057046954
221,0.00019653923,0.998609,0.00054239936,0.0006520342
222,0.00013974421,0.9989918,0.00037674073,0.00049167546
223,0.0001274494,0.99945027,0.00021494406,0.00020729362
224,0.00021587411,0.9988952,0.00047396272,0.00041498634
225,0.00015769711,0.999181,0.00043153582,0.00022973456
226,0.00014516093,0.9992792,0.00039020422,0.00018543858
227,0.00018119393,0.9992329,0.00032732976,0.0002585379
228,0.00017220636,0.99930954,0.00027226913,0.00024600682
229,8.425398e-05,0.99961394,0.00018239989,0.00011943063
230,0.00014838993,0.9993327,0.0003212463,0.00019762233
231,0.00015054591,0.9992472,0.00032743716,0.0002748337
232,0.0001390626,0.99933475,0.00029547053,0.000230724
233,0.00026009532,0.9986399,0.00064871676,0.0004513023
234,0.00021549837,0.9990421,0.0003848309,0.0003575415
235,0.0002506033,0.99876773,0.00054506137,0.0004366433
236,0.00034068705,0.9982681,0.000823539,0.00056760036
237,0.00015141559,0.9993006,0.00032932838,0.00021864855
238,0.005474224,0.12803288,0.008078775,0.8584141
239,0.00083378685,0.012081517,0.001233364,0.98585135
240,0.00051593827,0.9797314,0.00082557177,0.018927133
241,0.000521403,0.97857237,0.00079434505,0.020111866
242,0.0003385935,0.98598945,0.0005280427,0.013143936
243,0.0006373598,0.9968797,0.0013357966,0.0011471394
244,0.0046174163,0.7110424,0.009051902,0.27528828
245,0.00074174255,0.5255799,0.0015679136,0.47211045
246,0.0001354309,0.0023404616,0.00023344527,0.9972907
247,0.00011369406,0.0008959881,0.0002128006,0.99877757
248,0.0004913953,0.022867747,0.0008740067,0.97576684
249,0.0027001018,0.23954798,0.0046522706,0.7530996
250,0.00098686,0.99187356,0.0018680497,0.005271479
251,0.0003228848,0.99793327,0.0005004022,0.0012434358
252,0.00021912133,0.9990213,0.00033485892,0.00042467774
253,0.0001392178,0.999405,0.00019923496,0.00025655548
254,0.00012858839,0.9993697,0.00017979785,0.00032190775
255,8.77095e-05,0.9996433,0.00012581336,0.00014317535
256,8.936863e-05,0.9996412,0.00012361,0.00014588368
257,0.00017035671,0.99932134,0.00023018288,0.00027808684
258,0.00014542176,0.9994054,0.00021183393,0.00023738352
259,0.000105810585,0.9995425,0.00015603869,0.0001956854
260,9.336626e-05,0.9996031,0.0001261548,0.000177387
261,9.077697e-05,0.9996388,0.00011494781,0.0001554707
262,7.650756e-05,0.99967563,0.00012300347,0.0001248895
263,7.981618e-05,0.99968827,0.000101673424,0.00013029044
264,0.00012073736,0.999479,0.00019133626,0.00020896748
265,0.00011831102,0.99947447,0.00019414436,0.00021310165
266,0.00024056826,0.9989681,0.00038101542,0.00041034765
267,0.00010165047,0.99957603,0.00015642971,0.00016593217
268,7.938796e-05,0.9996798,0.00011124487,0.00012959141
269,6.90274e-05,0.9997216,9.672681e-05,0.00011267904
270,0.00031562074,0.99870586,0.0004633236,0.0005152131
271,0.00020191661,0.99920624,0.00028800266,0.00030383974
272,0.00011847769,0.9994803,0.00019559544,0.00020560641
273,0.00024033347,0.9989378,0.00042962772,0.00039231547
274,0.00014826962,0.99936754,0.00022472325,0.00025944025
275,0.00018737248,0.99920756,0.00031017227,0.00029487023
276,0.00019735048,0.99913234,0.00031654513,0.00035378186
277,0.0001340841,0.9994436,0.0001980401,0.00022423896
278,0.000115305214,0.9994522,0.00023072206,0.00020175954
279,0.00021153735,0.99856216,0.00041022745,0.0008161261
280,0.0002017429,0.9991381,0.00033073672,0.0003293213
281,0.00018952033,0.99911267,0.0003884424,0.00030936915
282,0.00018758034,0.9990766,0.0004213721,0.0003143954
283,0.00027063012,0.9984642,0.0004369313,0.0008282106
284,0.00021321146,0.9990582,0.0003446029,0.0003840362
285,0.00017084191,0.9992368,0.00028865878,0.00030373517
286,0.00019627651,0.99913895,0.00033402536,0.00033073605
287,0.00019773439,0.99913687,0.00031958806,0.0003458222
288,0.000116165415,0.9995233,0.00017772232,0.00018281103
289,0.00012895469,0.9994894,0.00018753226,0.00019404823
290,8.714042e-05,0.99963033,0.0001566617,0.00012583344
291,0.00010442986,0.99958354,0.0001876884,0.00012432472
292,8.345357e-05,0.9996662,0.00012660088,0.000123734
293,0.000172758,0.9993357,0.00024208256,0.00024946762
294,9.19437e-05,0.99966466,0.00013506615,0.00010831611
295,9.841314e-05,0.99964166,0.00014395716,0.000115937444
296,0.00016804524,0.9993957,0.00023828623,0.00019796885
297,0.00013322054,0.99949014,0.00018426368,0.00019237456
298,0.00015604853,0.9994338,0.00022139851,0.0001887541
299,0.00018653914,0.9993229,0.0002708334,0.00021975594
300,0.000102858045,0.9995401,0.00018923703,0.00016787744
301,8.609685e-05,0.9996063,0.00016427321,0.00014333139
302,7.645263e-05,0.9996592,0.00014065653,0.00012376651
303,0.000112994574,0.99951017,0.00020788591,0.00016894462
304,0.00011419566,0.9995227,0.00019825854,0.00016490204
305,0.00010919334,0.9995159,0.0001987365,0.00017612973
306,0.00012659204,0.9994649,0.00019495496,0.000213548
307,7.9729856e-05,0.9996618,0.00011372224,0.00014471824
308,8.1066384e-05,0.99968743,0.00010953543,0.00012198695
309,6.156344e-05,0.9997577,8.203518e-05,9.873753e-05
310,7.7154924e-05,0.9996958,9.780485e-05,0.00012930868
311,0.00012619773,0.9995028,0.00015808496,0.00021288283
312,0.00011296837,0.9995491,0.00014320364,0.00019469918
313,8.680068e-05,0.9996493,0.00011003222,0.00015389186
314,7.929281e-05,0.999686,9.808533e-05,0.00013665989
315,0.00011888599,0.9995493,0.00014892587,0.00018277692
316,0.00017453637,0.99934417,0.00021863786,0.00026263855
317,7.283566e-05,0.99971277,9.7619486e-05,0.00011681629
318,0.00014082635,0.9993468,0.00024472523,0.00026764878
319,0.00012801144,0.9994387,0.00022435744,0.00020896345
320,0.00010236689,0.99954766,0.00015800027,0.00019200584
321,0.00018967882,0.9991893,0.0002652679,0.00035577363
322,0.00013930447,0.99940455,0.00019481884,0.0002612883
323,0.00012324365,0.99947304,0.0001602571,0.00024345248
324,0.00014333504,0.99942684,0.00018719924,0.00024260778
325,0.00010614167,0.9995728,0.00013454969,0.00018643193
326,6.601587e-05,0.9997365,8.1557984e-05,0.000115953204
327,9.781126e-05,0.99957246,0.00017138259,0.00015837062
328,0.000102302605,0.99959475,0.0001552194,0.0001477281
329,7.983385e-05,0.9997036,9.8754696e-05,0.00011778263
330,0.0001121115,0.99958736,0.00013868236,0.00016189244
331,0.00010129954,0.9996158,0.00016349534,0.000119337725
332,0.00033853538,0.99847525,0.0006418911,0.00054431177
333,0.00024197492,0.99891424,0.00046296814,0.00038079906
334,9.601668e-05,0.9995436,0.00020928516,0.0001511027
335,0.00024117314,0.99884737,0.00054715277,0.0003642585
336,0.00020743885,0.9987637,0.00038542284,0.0006434336
337,0.0004728909,0.99779177,0.00090391363,0.00083148474
338,0.000202185,0.9989641,0.0004477001,0.00038601985
339,0.00020825266,0.99884427,0.00057505444,0.00037240473
340,0.0003358787,0.9984817,0.00061776955,0.00056468253
341,0.00019926771,0.99905187,0.00042354324,0.00032528088
342,0.00025130244,0.998747,0.0006061896,0.00039547792
343,0.00020150967,0.9988533,0.00034293137,0.00060218055
344,0.00035918743,0.99822503,0.0007828174,0.0006329511
345,0.00043974968,0.9960751,0.00072730577,0.0027577851
346,0.00070701964,0.995968,0.0020791206,0.0012458917
347,0.0010083298,0.99326867,0.0028089224,0.002914031
348,0.000335551,0.99430496,0.0008045617,0.004554948
349,0.00069883396,0.99466574,0.0017090136,0.0029263566
350,0.0007362355,0.9954254,0.0016887052,0.0021496543
351,0.00036356103,0.99808204,0.0006141248,0.00094033347
352,0.0004575028,0.9971053,0.0009944021,0.0014427846
353,0.0003149677,0.9979359,0.0006734181,0.0010757266
354,0.00025804518,0.998502,0.00073071016,0.00050925947
355,0.00051740697,0.9970842,0.0011592965,0.0012391133
356,0.0005224096,0.9966356,0.0014839144,0.001358094
357,0.00013647528,0.9993511,0.0002896813,0.00022277948
358,0.00012568042,0.99943405,0.00021443055,0.00022579821
359,0.00016776539,0.9991549,0.00037588112,0.0003014086
360,8.6366665e-05,0.99963486,0.00013773558,0.00014098319
361,9.596871e-05,0.99956554,0.00018177167,0.00015665738
362,9.749159e-05,0.9996025,0.00015335869,0.00014670324
363,0.00010960106,0.99953306,0.00018487641,0.00017248045
364,0.00010729202,0.99954826,0.00017104764,0.0001733647
365,0.00010313288,0.9995716,0.00016298902,0.00016230141
366,6.72002e-05,0.9997305,0.00010264294,9.9635625e-05
367,0.00010883955,0.99955124,0.00017661855,0.00016330184
368,0.0001190849,0.9995302,0.00017875533,0.00017196225
369,0.00011925573,0.9995179,0.00018393276,0.00017893018
370,0.00011918416,0.9994727,0.00022937643,0.0001788228
371,0.00012802266,0.99947876,0.0001917401,0.00020147092
372,0.00011623658,0.99947006,0.00023077063,0.00018292302
373,0.00010731753,0.9995561,0.00016138009,0.00017518312
374,0.00012018015,0.99949765,0.00018072224,0.00020142901
375,0.00011521168,0.9995285,0.00016821943,0.00018806939
376,0.00010154886,0.9995677,0.00017089752,0.00015980875
377,0.000147113,0.99936765,0.00024757758,0.00023770826
378,7.936081e-05,0.99964964,0.00013355704,0.00013742429
379,0.00012839795,0.9994648,0.00020469524,0.00020206133
380,0.000100716,0.99958926,0.00015482353,0.0001551567
381,0.00012271437,0.9995159,0.00017725096,0.00018411929
382,9.7294185e-05,0.9995964,0.00015423457,0.00015212834
383,0.00011968784,0.99951077,0.00016944719,0.00020004525
384,0.00012380129,0.99949,0.00018195946,0.00020423533
385,0.000132196,0.9994469,0.0001808843,0.00023994994
386,0.00014201345,0.99939346,0.0002159641,0.00024849328
387,0.00022374614,0.9990414,0.0003288551,0.00040594905
388,0.00012700645,0.99947256,0.00019314249,0.00020732274
389,9.97021e-05,0.9995859,0.00015161996,0.00016275168
390,0.00015063552,0.99939203,0.00021142483,0.00024589433
391,8.217836e-05,0.99966395,0.00010950518,0.00014434171
392,8.3659565e-05,0.99963295,0.00013638964,0.00014694351
393,0.00015144574,0.99935764,0.00024368381,0.00024721696
394,0.0001105589,0.9995408,0.0001681304,0.00018047428
395,0.00014137068,0.99941945,0.00021666431,0.00022247688
396,0.00019131007,0.99918205,0.00031434794,0.00031229097
397,0.010110956,0.9790754,0.0014031703,0.009410514
398,0.99431556,0.004230528,0.00012575704,0.0013280798
399,0.9972873,0.0025228115,6.8880276e-05,0.00012102326
400,0.997227,0.0026389132,6.191781e-05,7.215257e-05
401,0.0033077137,0.6366392,0.35580003,0.004253106
402,0.002716398,0.15093814,0.84210265,0.004242802
403,0.0016238732,0.01762449,0.978178,0.0025736066
404,0.0010065588,0.0023437722,0.9933252,0.0033245832
405,0.0009232855,0.023085749,0.9731424,0.0028485477
406,0.0011505336,0.27629566,0.71758807,0.004965778
407,0.0009868982,0.042989638,0.95297587,0.0030475948
408,0.0013833503,0.013711537,0.9810523,0.0038528114
409,0.0018186197,0.04553652,0.9504264,0.0022184192
410,0.00036603105,0.0024376684,0.99674976,0.00044649816
411,0.0014347056,0.096466,0.9002221,0.0018772243
412,0.00091462815,0.010164833,0.98008335,0.008837118
413,0.0018143508,0.37751365,0.6150826,0.005589412
414,0.001175575,0.36747617,0.6274283,0.003919989
415,0.00077221205,0.39847714,0.59954375,0.0012068818
416,0.00045307202,0.90195227,0.09472742,0.0028672374
417,0.00034261917,0.99301904,0.0029640798,0.003674244
418,0.0047323285,0.9875896,0.0012721563,0.0064059123
419,0.004518083,0.16438043,0.82389355,0.007207908
420,0.0019663498,0.012764721,0.98388034,0.0013886326
421,0.0050217356,0.030263474,0.9579395,0.0067752684
422,0.00033866995,0.0008910299,0.9981913,0.0005790223
423,0.0015444134,0.0013939459,0.99633896,0.00072270766
424,0.0002917555,0.0004736407,0.9943974,0.004837225
425,0.00041162872,0.0006606164,0.046520405,0.95240736
426,7.6041775e-05,0.00015945281,0.0009268764,0.99883765
427,0.00014752842,0.0003636741,0.00522628,0.9942625
428,0.0004533705,0.020246908,0.08122097,0.89807874
429,0.0004306894,0.9580397,0.038307752,0.0032218702
430,0.00023133862,0.0039186887,0.00208577,0.99376416
431,0.00034998168,0.013419637,0.0010234915,0.9852069
432,0.00020108088,0.0041229953,0.00038799204,0.9952879
433,0.0002299303,0.005603612,0.0009033595,0.99326307
434,0.0014535596,0.82307255,0.00235796,0.17311598
435,0.00132694,0.11016405,0.0026779475,0.885831
436,0.0023452996,0.2670388,0.0041424367,0.72647345
437,0.0018269772,0.9908283,0.0033829105,0.003961854
438,0.0003276845,0.9985678,0.0005215293,0.0005829943
439,0.00028960613,0.9989717,0.00038543768,0.0003532554
440,0.00023924722,0.9991092,0.00032735322,0.00032412406
441,0.00013454077,0.9994856,0.00020379414,0.00017603842
442,0.00014392193,0.99942845,0.00022057415,0.00020698408
443,5.7832167e-05,0.9997632,8.863342e-05,9.032485e-05
444,8.373359e-05,0.99965715,0.00012832985,0.00013077898
445,5.519151e-05,0.99978966,7.107787e-05,8.406099e-05
446,7.509919e-05,0.9996352,0.00019803859,9.1604474e-05
447,7.390155e-05,0.9997327,9.9728146e-05,9.366359e-05
448,7.941165e-05,0.99966156,0.00012034529,0.00013870244
449,8.505879e-05,0.9995859,0.00021451878,0.0001144446
450,0.00012369013,0.9993794,0.00032396754,0.00017289146
451,0.00012279538,0.99772364,0.0020089007,0.00014466127
452,0.00018269042,0.9993364,0.00024183629,0.00023903933
453,0.00011903612,0.99956673,0.00015346601,0.00016069654
454,0.00016137242,0.999398,0.00021696402,0.00022367813
455,0.000104346174,0.9996306,0.0001345273,0.0001304988
456,0.00011118659,0.99955255,0.00015229774,0.00018398667
457,0.000110850684,0.9995777,0.00015140443,0.00016007181
458,0.00016578182,0.9993162,0.00025210937,0.00026588622
459,8.5170184e-05,0.9996587,0.00011954105,0.00013659881
460,6.138753e-05,0.99975914,7.593662e-05,0.000103554674
461,6.936501e-05,0.9997291,8.96371e-05,0.00011188631
462,6.9173184e-05,0.9997112,0.00010468802,0.00011490517
463,5.977201e-05,0.9997775,9.046011e-05,7.2299445e-05
464,0.00018222959,0.9991912,0.00023870482,0.00038782548
465,9.984091e-05,0.9996401,0.00013825942,0.00012178961
466,0.00012104969,0.99953914,0.00017587398,0.0001640017
467,0.00011267421,0.9995529,0.00019131576,0.00014304175
468,0.00014345978,0.9994642,0.00021268752,0.00017970309
469,0.00013770632,0.999493,0.00019046543,0.00017885886
470,0.00019857375,0.99926513,0.00026084407,0.00027538752
471,0.00021218217,0.999238,0.0002943816,0.00025538635
472,0.0001087333,0.99958545,0.00014946767,0.00015640372
473,0.0001126166,0.9996137,0.00014107219,0.00013266997
474,0.00012329033,0.9995409,0.00017454741,0.00016131777
475,0.00015013307,0.9994536,0.00019981264,0.00019643983
476,0.000152785,0.9994386,0.00020334212,0.00020525891
477,0.00017484397,0.99933976,0.00024931948,0.00023603633
478,0.00012554602,0.99952483,0.00015530064,0.00019433141
479,0.00011750909,0.999532,0.00017598279,0.00017453954
480,0.00012463599,0.9995443,0.000175624,0.00015539775
481,0.0001752028,0.9993081,0.0002302602,0.00028641455
482,0.00012863895,0.99948883,0.00016906367,0.00021342972
483,0.00014849087,0.9994234,0.00020174777,0.00022645935
484,0.00014790526,0.9993618,0.00023533664,0.00025497287
485,0.0001230795,0.9995278,0.00016629786,0.00018281343
486,0.00018820107,0.9992673,0.00025319474,0.00029130004
487,9.9503995e-05,0.99961686,0.00012697525,0.00015659073
488,0.00018587086,0.99928635,0.0002371862,0.0002906108
489,0.00016392418,0.99935156,0.00021695351,0.0002675865
490,0.00013349322,0.99947876,0.00016513148,0.0002226376
491,0.00015325846,0.999416,0.00018958094,0.00024118459
492,7.077459e-05,0.9997261,8.754837e-05,0.00011553112
493,0.49817315,0.4839939,0.0018388118,0.015994214
494,0.0010339395,0.99748755,0.0004927753,0.0009857663
495,0.00017758351,0.9992304,0.0003035893,0.00028838948
496,0.00024527017,0.99898595,0.0003585984,0.00041018342
497,0.00030202116,0.9987452,0.00045685458,0.00049589085
498,0.00034552105,0.9982687,0.00049957645,0.0008861955
499,0.0002726249,0.9985714,0.00039030638,0.00076566514
500,0.0003336201,0.99810284,0.00047911442,0.0010843982
501,0.00027990353,0.9982077,0.00038219584,0.0011302278
502,0.00017258346,0.99930537,0.00024033457,0.000281722
503,0.00010713554,0.99957734,0.0001542921,0.00016121539
504,9.521576e-05,0.99962807,0.00013338157,0.00014328613
505,0.00013353142,0.9994863,0.00017487312,0.00020529299
506,0.00012469568,0.999493,0.00019060353,0.00019170884
507,0.00013303642,0.9994842,0.00016880978,0.00021390167
508,8.964551e-05,0.9996351,0.0001373961,0.00013782221
509,8.194897e-05,0.9996773,0.00012484101,0.00011587968
510,0.00011057403,0.9995994,0.00013678051,0.00015330265
511,6.826637e-05,0.99972075,0.00010487359,0.000106111125
512,8.5184794e-05,0.99961084,0.00017118987,0.00013286814
513,0.00013134156,0.99942833,0.00024053178,0.00019979826
514,0.00010922509,0.9994729,0.00021694263,0.00020089684
515,0.00020442606,0.99900573,0.00045126188,0.00033861867
516,0.00010903739,0.99947053,0.0002446106,0.00017579133
517,0.00042580382,0.9971854,0.0008749393,0.0015138882
518,0.00010111404,0.99951863,0.00022405935,0.00015622543
519,0.00024206343,0.99883944,0.00053762074,0.00038093838
520,0.000130812,0.999451,0.00022191006,0.00019627283
521,0.00027343817,0.9986242,0.0006287929,0.00047360512
522,0.00021680494,0.9990368,0.00036702925,0.00037936226
523,9.813065e-05,0.9996006,0.00015358586,0.00014766502
524,0.00011383719,0.999522,0.00018293741,0.0001813238
525,0.000100080106,0.99952114,0.00022418087,0.00015462794
526,0.00013054059,0.99935967,0.0002967382,0.000213092
527,0.000113729075,0.9995216,0.00019352112,0.00017113704
528,7.9254154e-05,0.99966943,0.00013208452,0.00011925994
529,0.00019012846,0.99904805,0.0004431019,0.00031866616
530,8.803957e-05,0.9996247,0.0001504661,0.00013668631
531,8.861854e-05,0.99956864,0.00020329101,0.00013946014
532,0.00014119451,0.9993228,0.00032354286,0.00021246665
533,0.000121103614,0.9994161,0.00027472267,0.00018802007
534,0.00015369698,0.99935883,0.00024560848,0.00024187469
535,0.00045107515,0.9964186,0.0009397834,0.0021905114
536,0.00027271404,0.99837035,0.00045542678,0.0009015391
537,0.0004879115,0.9966384,0.0007790486,0.0020946283
538,0.00053169887,0.99702257,0.0008784234,0.0015673358
539,0.00063197,0.99637645,0.0010514949,0.0019400966
540,0.00034931427,0.99867994,0.0005338813,0.0004368636
541,0.0028455576,0.99614453,0.00033873707,0.00067110185
542,0.0024616574,0.996077,0.0008197218,0.0006416481
543,0.00038403567,0.996214,0.0029350864,0.00046686686
544,0.0024440244,0.99616724,0.0007843409,0.00060435
545,0.00021030026,0.99862766,0.0008897623,0.0002723201
546,0.94899905,0.049463604,0.0006780673,0.000859292
547,0.0024633233,0.99632347,0.00073341804,0.00047983392
548,0.00018213333,0.9992293,0.00032509366,0.00026341903
549,0.0011225166,0.99793905,0.0005695555,0.00036883465
550,0.005451974,0.35431153,0.63259,0.007646471
551,0.0024287018,0.033309843,0.9572397,0.007021799
552,0.002340137,0.011958305,0.9825608,0.0031407478
553,0.00063310144,0.0012724837,0.9872284,0.010866007
554,0.00057238457,0.0010210356,0.99611294,0.0022935527
555,0.00049805717,0.0007936896,0.99639183,0.0023164526
556,0.001172922,0.0039869174,0.6749198,0.3199204
557,0.00036916535,0.0011736386,0.9911606,0.0072966246
558,0.0005428828,0.0017783084,0.9968641,0.00081474835
559,0.0007131062,0.0047132047,0.9936202,0.0009535056
560,0.0040572854,0.009352411,0.983877,0.0027133413
561,0.0004959493,0.00077134813,0.99796414,0.0007686106
562,0.00026878098,0.00034923773,0.9990231,0.00035887788
563,0.00022027975,0.00032053693,0.9991726,0.00028654755
564,0.99818087,0.00064737373,0.0008105016,0.00036125586
565,0.9973405,0.0018667588,0.00016905299,0.0006237406
566,0.9955047,0.0033007762,0.00018281968,0.0010118003
567,0.99755317,0.0011331852,0.0011512197,0.00016244812
568,0.9988771,0.00026494614,0.00046579744,0.00039208296
569,0.99847275,0.0008554512,7.7876306e-05,0.00059396616
570,0.9990151,0.00029265706,0.00028483997,0.0004074312
571,0.99924135,0.00027320668,0.000109132845,0.00037635557
572,0.99934465,0.00021558994,0.00010929735,0.0003305033
573,0.99931324,0.00020865565,0.00010714124,0.00037097165
574,0.99930096,0.0002500041,0.00010732738,0.00034165152
575,0.9980404,0.0007763237,9.510914e-05,0.0010881696
576,0.99699956,0.0008333052,0.0012578423,0.0009092379
577,0.9979754,0.0003155301,0.0014375423,0.00027148746
578,0.00041247575,0.0013400767,0.0025503254,0.99569714
579,0.004136478,0.015008109,0.17053033,0.810325
580,0.002991174,0.008619114,0.11891095,0.8694787
581,0.0014897228,0.007366772,0.9646644,0.026479078
582,0.010485014,0.052298717,0.92157096,0.015645318
583,0.004209305,0.0385317,0.7721496,0.18510938
584,0.00033861873,0.0030449599,0.04816898,0.94844747
585,0.00095938134,0.0052501797,0.0025847945,0.99120563
586,0.0015124975,0.011937276,0.003472102,0.9830782
587,0.0030015782,0.024704238,0.0077829207,0.9645113
588,0.00039442643,0.0026607073,0.0016233801,0.99532145
589,0.0025683916,0.009720447,0.77359414,0.21411705
590,0.00022001738,0.0012083072,0.001490891,0.99708074
591,0.00018701161,0.00074287236,0.0013132219,0.9977569
592,0.0011192742,0.003908341,0.06771957,0.9272528
593,0.0012719717,0.005052536,0.13216269,0.86151284
594,0.002015678,0.009196156,0.8170043,0.17178382
595,0.0009601366,0.0034784388,0.9886643,0.00689712
596,0.0010625694,0.0037287334,0.97179246,0.023416243
597,0.0006340242,0.005491294,0.9929274,0.0009473088
598,0.00079790206,0.020874832,0.9772708,0.0010564654
599,0.002354996,0.0751159,0.9163615,0.006167583
600,0.00040634265,0.028540539,0.9689269,0.0021261533
601,0.0001979667,0.09602267,0.9034158,0.0003634968
602,0.00028988475,0.0438981,0.95465946,0.001152514
603,0.00024435582,0.2319561,0.76743764,0.000361966
604,0.0008197008,0.4259753,0.56918275,0.004022215
605,0.00033182206,0.7930073,0.20585655,0.0008043599
606,0.00037621823,0.8081401,0.18981831,0.0016653993
607,0.00034419162,0.3956665,0.6035503,0.00043901824
608,0.00058256986,0.33298877,0.6637083,0.0027203383
609,0.00036380536,0.590957,0.40777504,0.0009042149
610,0.00035795325,0.11447546,0.8836735,0.0014931122
611,0.00025670367,0.0019481061,0.9974517,0.00034345838
612,0.00025738042,0.0017725249,0.9976084,0.0003616461
613,0.0013035932,0.28130335,0.7156006,0.0017925024
614,0.0006416394,0.29788676,0.700548,0.0009236326
615,0.00027199078,0.9746382,0.02468558,0.0004042025
616,0.00017777162,0.99252725,0.0070734518,0.0002215448
617,9.4883515e-05,0.998396,0.0013908925,0.00011824694
618,8.838942e-05,0.9865953,0.013204344,0.00011202555
619,8.882459e-05,0.98718995,0.0125257205,0.0001955335
620,7.343981e-05,0.99643445,0.0033903623,0.00010170431
621,0.00010196067,0.9977064,0.0020503628,0.00014120188
622,7.114756e-05,0.9995833,0.0002617546,8.3816725e-05
623,7.442713e-05,0.9995801,0.00024594134,9.9547215e-05
624,7.8498786e-05,0.99969447,0.00013452614,9.247689e-05
625,8.288527e-05,0.9995757,0.00024032117,0.00010110178
626,7.1855095e-05,0.999716,0.00012521609,8.691524e-05
627,0.00011523695,0.9994942,0.00023910374,0.00015139958
628,9.997433e-05,0.99957556,0.00017693153,0.0001474968
629,0.00010576418,0.999551,0.00018717823,0.000156039
630,8.408572e-05,0.99966896,0.00012288961,0.0001240556
631,7.444022e-05,0.99970824,0.0001177716,9.95129e-05
632,7.354587e-05,0.9997174,0.00011818888,9.088945e-05
633,0.000120560435,0.99947363,0.00022796633,0.00017786847
634,9.791982e-05,0.9996051,0.00015558618,0.0001413991
635,9.981325e-05,0.9995577,0.00019830311,0.0001441334
636,6.76723e-05,0.99970657,0.00012796077,9.772079e-05
637,7.4690055e-05,0.9996656,0.00013722546,0.00012245191
638,0.00010982449,0.99957925,0.00017450184,0.00013639661
639,0.00010599899,0.99954754,0.00021816992,0.00012821537
640,0.00014866465,0.9993942,0.00028198145,0.00017513703
641,0.00011431738,0.9995561,0.00019488372,0.00013467387
642,0.00010224798,0.9996137,0.0001474331,0.00013668675
643,0.00010435091,0.9996111,0.00014510809,0.00013949799
644,0.00017221474,0.99931335,0.00023222809,0.00028219377
645,0.00024653293,0.99901235,0.0003620925,0.00037904276
646,0.00029208933,0.9987913,0.00052229455,0.00039432646
647,0.00014074592,0.9993592,0.00033424303,0.0001658084
648,0.00013925112,0.9992933,0.00040332784,0.00016404755
649,0.000116432995,0.98617524,0.013571094,0.00013716596
650,0.0002781248,0.9336979,0.06569634,0.00032765017
651,0.0004941431,0.017050033,0.98187363,0.0005821346
652,0.0004312676,0.018418645,0.980631,0.00051908137
653,0.0025850604,0.13529609,0.8590735,0.0030453792
654,0.0013455336,0.39555836,0.60151094,0.0015851314
655,0.00017765346,0.955565,0.044033043,0.00022434082
656,0.00011641844,0.99795496,0.0017914994,0.00013714895
657,0.000111952126,0.9992293,0.00052680646,0.00013188731
658,0.00017800869,0.99932337,0.00027301055,0.00022564469
659,0.00016650886,0.9993749,0.00022414188,0.00023442492
660,0.00024528537,0.99901843,0.00039090996,0.00034533316
661,0.00041671027,0.99780303,0.00064127456,0.001138984
662,0.0002374668,0.9989773,0.00039004855,0.00039519713
663,0.00030164377,0.9986803,0.0005087235,0.000509349
664,0.0002215348,0.9989196,0.00045721763,0.00040167468
665,0.00026164157,0.9984125,0.00043000502,0.00089586386
666,0.0004787704,0.99761355,0.0010893568,0.00081836793
667,0.00017712865,0.99921966,0.00028628405,0.000316932
668,0.00032250883,0.998601,0.00055920146,0.00051725056
669,9.678116e-05,0.9995566,0.00023253732,0.00011401487
670,0.00017786036,0.99926704,0.0003455148,0.00020953175
671,0.00012318607,0.99909186,0.0006397874,0.00014512168
672,9.407224e-05,0.9995782,0.00021692616,0.000110823574
673,0.000121281664,0.9991117,0.0006083132,0.00015868955
674,7.047469e-05,0.9989297,0.0009075611,9.221186e-05
675,0.00010140555,0.99952114,0.00024478682,0.00013268301
676,0.000112013426,0.9989273,0.0008240655,0.00013663172
677,0.00017259084,0.9992699,0.00032291756,0.00023463825
678,6.604304e-05,0.9997427,0.000101468664,8.97859e-05
679,0.00010358661,0.9995307,0.00017404696,0.0001917325
680,0.00011971717,0.9995498,0.0001843675,0.00014602847
681,0.00013694314,0.99947256,0.00019885547,0.00019167182
682,9.849005e-05,0.9994779,0.00029526802,0.00012839487
683,0.00014668796,0.99944395,0.0002028911,0.00020648395
684,9.720066e-05,0.9996284,0.00013757545,0.00013682363
